CaseId,StructureType,EnergyProfile,VariantKind,ParentCaseId,GenerationMode,VariantSeed,NominalHitCount,ActualHitCount,StepCount,Density,MeanEnergy,PeakEnergy,AnchorCount,HasOpeningAnchor,HasClosingAnchor,EndDensity,EndEnergy,EndAccent,DensityShape,EnergyShape,SelectedResponseType,TargetDensity,ComplementarityBias,PreserveAnchors,MirrorEnding,SnapshotSelectedResponseType,PlannerDescriptorSummary,PlannerSourceDensity,PlannerSourceEnergy,Score_Mirror,Score_Complement,Score_Simplify,Score_Intensify,Score_Contrast,Score_Fill
Base_H08_Even_Flat,Even,Flat,Base,,BasePlusVariants,,8,8,96,0.083333,84,84,1,True,False,0.083333,84,84,Flat,Flat,Intensify,0.253333,0.5,False,False,Intensify,"Sparse, MediumEnergy, MeaningfulAnchors, BalancedProfile",0.083333,0.661417,3.75,3.875,-2.5,4.125,-0.25,3.125
Variant_H08_Even_Flat,Even,Flat,Variant,Base_H08_Even_Flat,BasePlusVariants,492428542,8,8,96,0.083333,83.625,88,1,True,False,0.083333,81.5,83,Flat,MidPeak,Intensify,0.253333,0.5,False,False,Intensify,"Sparse, MediumEnergy, MeaningfulAnchors, BalancedProfile",0.083333,0.658465,3.75,3.875,-2.5,4.125,-0.25,3.125
Base_H08_Even_Increasing,Even,Increasing,Base,,BasePlusVariants,,8,8,96,0.083333,89,108,2,True,True,0.083333,105,108,Flat,Increasing,Intensify,0.240833,0.5,False,False,Intensify,"Sparse, HighEnergy, MeaningfulAnchors, StrongEnding, BackLoaded, PredictableProfile",0.083333,0.700787,1.875,1,-0.125,2.5,1.75,2
Variant_H08_Even_Increasing,Even,Increasing,Variant,Base_H08_Even_Increasing,BasePlusVariants,217418322,8,8,96,0.083333,88.875,111,2,True,True,0.083333,105,111,Flat,Increasing,Mirror,0.1,0.225,True,True,Mirror,"Sparse, MediumEnergy, MeaningfulAnchors, StrongEnding, BackLoaded, PredictableProfile",0.083333,0.699803,3.875,2.5,-2.125,3.5,0.75,2
Base_H08_Even_AccentedEnding,Even,AccentedEnding,Base,,BasePlusVariants,,8,8,96,0.083333,90.5,110,2,True,True,0.083333,110,110,Flat,Increasing,Intensify,0.240833,0.5,False,False,Intensify,"Sparse, HighEnergy, MeaningfulAnchors, StrongEnding, BackLoaded, PredictableProfile",0.083333,0.712598,1.875,1,-0.125,2.5,1.75,2
Variant_H08_Even_AccentedEnding,Even,AccentedEnding,Variant,Base_H08_Even_AccentedEnding,BasePlusVariants,638797041,8,8,96,0.083333,91.125,110,2,True,True,0.083333,109.5,110,Flat,Increasing,Intensify,0.240833,0.5,False,False,Intensify,"Sparse, HighEnergy, MeaningfulAnchors, StrongEnding, BackLoaded, PredictableProfile",0.083333,0.71752,1.875,1,-0.125,2.5,1.75,2
Base_H08_FrontLoaded_Flat,FrontLoaded,Flat,Base,,BasePlusVariants,,8,8,96,0.083333,84,84,2,True,False,0.083333,84,84,FrontLoaded,Flat,Intensify,0.253333,0.5,False,False,Intensify,"Sparse, MediumEnergy, MeaningfulAnchors, FrontLoaded, PredictableProfile",0.083333,0.661417,2.625,3.125,-2.125,4.125,0.75,3.125
Variant_H08_FrontLoaded_Flat,FrontLoaded,Flat,Variant,Base_H08_FrontLoaded_Flat,BasePlusVariants,1044213724,8,8,96,0.083333,86.125,88,2,True,False,0.083333,85,87,FrontLoaded,Decreasing,Intensify,0.253333,0.5,False,False,Intensify,"Sparse, MediumEnergy, MeaningfulAnchors, FrontLoaded, PredictableProfile",0.083333,0.67815,2.625,3.125,-2.125,4.125,0.75,3.125
Base_H08_FrontLoaded_Increasing,FrontLoaded,Increasing,Base,,BasePlusVariants,,8,8,96,0.083333,86.75,108,4,True,True,0.083333,103.5,108,FrontLoaded,Increasing,Mirror,0.1,0.225,True,True,Mirror,"Sparse, MediumEnergy, MeaningfulAnchors, StrongEnding, BackLoaded, PredictableProfile",0.083333,0.683071,3.875,2.5,-2.125,3.5,0.75,2
Variant_H08_FrontLoaded_Increasing,FrontLoaded,Increasing,Variant,Base_H08_FrontLoaded_Increasing,BasePlusVariants,960382196,8,8,96,0.083333,88.125,111,4,True,True,0.083333,106.5,111,FrontLoaded,Increasing,Mirror,0.1,0.225,True,True,Mirror,"Sparse, MediumEnergy, MeaningfulAnchors, StrongEnding, BackLoaded, PredictableProfile",0.083333,0.693898,3.875,2.5,-2.125,3.5,0.75,2
Base_H08_FrontLoaded_AccentedEnding,FrontLoaded,AccentedEnding,Base,,BasePlusVariants,,8,8,96,0.083333,90.5,110,4,True,True,0.083333,110,110,FrontLoaded,Increasing,Intensify,0.240833,0.5,False,False,Intensify,"Sparse, HighEnergy, MeaningfulAnchors, StrongEnding, BackLoaded, PredictableProfile",0.083333,0.712598,1.875,1,-0.125,2.5,1.75,2
Variant_H08_FrontLoaded_AccentedEnding,FrontLoaded,AccentedEnding,Variant,Base_H08_FrontLoaded_AccentedEnding,BasePlusVariants,501337587,8,8,96,0.083333,90,113,4,True,True,0.083333,111,113,FrontLoaded,BackLoaded,Intensify,0.240833,0.5,False,False,Intensify,"Sparse, HighEnergy, MeaningfulAnchors, StrongEnding, BackLoaded, PredictableProfile",0.083333,0.708661,1.875,1,-0.125,2.5,1.75,2
Base_H08_BackLoaded_Flat,BackLoaded,Flat,Base,,BasePlusVariants,,8,8,96,0.083333,84,84,2,True,False,0.125,84,84,Increasing,Flat,Fill,0.283333,0.65,False,False,Fill,"Sparse, MediumEnergy, MeaningfulAnchors, BackLoaded, PredictableProfile",0.083333,0.661417,2.625,3.125,-2.125,4.125,0.75,3.875
Variant_H08_BackLoaded_Flat,BackLoaded,Flat,Variant,Base_H08_BackLoaded_Flat,BasePlusVariants,920558944,8,8,96,0.083333,82.75,87,2,True,False,0.125,82.33334,84,BackLoaded,BackLoaded,Fill,0.283333,0.65,False,False,Fill,"Sparse, MediumEnergy, MeaningfulAnchors, BackLoaded, PredictableProfile",0.083333,0.651575,2.625,3.125,-2.125,4.125,0.75,3.875
Base_H08_BackLoaded_Increasing,BackLoaded,Increasing,Base,,BasePlusVariants,,8,8,96,0.083333,91.5,108,5,True,True,0.125,103.3333,108,Increasing,Increasing,Intensify,0.240833,0.5,False,False,Intensify,"Sparse, HighEnergy, MeaningfulAnchors, StrongEnding, BackLoaded, PredictableProfile",0.083333,0.720473,1.875,1,-0.125,2.5,1.75,2
Variant_H08_BackLoaded_Increasing,BackLoaded,Increasing,Variant,Base_H08_BackLoaded_Increasing,BasePlusVariants,88631280,8,8,96,0.083333,92.875,106,3,False,False,0.125,104.3333,106,Increasing,Increasing,Fill,0.283333,0.7,False,False,Fill,"Sparse, HighEnergy, BackLoaded, PredictableProfile",0.083333,0.731299,-0.375,0.125,-0.125,3.625,3.25,3.875
Base_H08_BackLoaded_AccentedEnding,BackLoaded,AccentedEnding,Base,,BasePlusVariants,,8,8,96,0.083333,93.75,110,4,True,True,0.125,110,110,Increasing,Increasing,Intensify,0.240833,0.5,False,False,Intensify,"Sparse, HighEnergy, MeaningfulAnchors, StrongEnding, BackLoaded, PredictableProfile",0.083333,0.738189,1.875,1,-0.125,2.5,1.75,2
Variant_H08_BackLoaded_AccentedEnding,BackLoaded,AccentedEnding,Variant,Base_H08_BackLoaded_AccentedEnding,BasePlusVariants,1360509727,8,8,96,0.083333,93.75,114,4,True,True,0.125,109.3333,114,Increasing,BackLoaded,Intensify,0.240833,0.5,False,False,Intensify,"Sparse, HighEnergy, MeaningfulAnchors, StrongEnding, BackLoaded, PredictableProfile",0.083333,0.738189,1.875,1,-0.125,2.5,1.75,2
Base_H08_Clustered_Flat,Clustered,Flat,Base,,BasePlusVariants,,8,8,96,0.083333,84,84,0,False,False,0.083333,84,84,MidDip,BackLoaded,Intensify,0.253333,0.55,False,False,Intensify,"Sparse, MediumEnergy, BackLoaded, PredictableProfile",0.083333,0.661417,1.625,1.625,-2.125,4.625,2.25,3.875
Variant_H08_Clustered_Flat,Clustered,Flat,Variant,Base_H08_Clustered_Flat,BasePlusVariants,1369231571,8,8,96,0.083333,83.25,88,0,False,False,0.083333,81,82,MidDip,MidDip,Intensify,0.253333,0.55,False,False,Intensify,"Sparse, MediumEnergy, BalancedProfile",0.083333,0.655512,2.75,2.375,-2.5,4.625,-0.25,3.125
Base_H08_Clustered_Increasing,Clustered,Increasing,Base,,BasePlusVariants,,8,8,96,0.083333,88.125,99,0,False,False,0.083333,99,99,MidDip,BackLoaded,Intensify,0.253333,0.55,False,False,Intensify,"Sparse, MediumEnergy, BackLoaded, PredictableProfile",0.083333,0.693898,1.625,1.625,-2.125,4.625,2.25,3.875
Variant_H08_Clustered_Increasing,Clustered,Increasing,Variant,Base_H08_Clustered_Increasing,BasePlusVariants,2102197775,8,8,96,0.083333,86.375,98,0,False,False,0.083333,97,98,MidDip,BackLoaded,Intensify,0.253333,0.55,False,False,Intensify,"Sparse, MediumEnergy, BackLoaded, PredictableProfile",0.083333,0.680118,1.625,1.625,-2.125,4.625,2.25,3.875
Base_H08_Clustered_AccentedEnding,Clustered,AccentedEnding,Base,,BasePlusVariants,,8,8,96,0.083333,90.5,110,1,False,False,0.083333,110,110,MidDip,BackLoaded,Fill,0.283333,0.7,False,False,Fill,"Sparse, HighEnergy, BackLoaded, PredictableProfile",0.083333,0.712598,-0.375,0.125,-0.125,3.625,3.25,3.875
Variant_H08_Clustered_AccentedEnding,Clustered,AccentedEnding,Variant,Base_H08_Clustered_AccentedEnding,BasePlusVariants,2065625736,8,8,96,0.083333,90.125,112,1,False,False,0.083333,111.5,112,MidDip,BackLoaded,Fill,0.283333,0.7,False,False,Fill,"Sparse, HighEnergy, BackLoaded, PredictableProfile",0.083333,0.709646,-0.375,0.125,-0.125,3.625,3.25,3.875
Base_H08_AnchorLed_Flat,AnchorLed,Flat,Base,,BasePlusVariants,,8,8,96,0.083333,90,100,2,True,False,0.083333,92,100,MidDip,BackLoaded,Fill,0.283333,0.65,False,False,Fill,"Sparse, HighEnergy, MeaningfulAnchors, BackLoaded, PredictableProfile",0.083333,0.708661,0.625,1.625,-0.125,3.125,1.75,3.875
Variant_H08_AnchorLed_Flat,AnchorLed,Flat,Variant,Base_H08_AnchorLed_Flat,BasePlusVariants,391454420,8,8,96,0.083333,89.75,103,2,True,False,0.083333,91.5,102,MidDip,BackLoaded,Fill,0.283333,0.65,False,False,Fill,"Sparse, HighEnergy, MeaningfulAnchors, BackLoaded, PredictableProfile",0.083333,0.706693,0.625,1.625,-0.125,3.125,1.75,3.875
Base_H08_AnchorLed_Increasing,AnchorLed,Increasing,Base,,BasePlusVariants,,8,8,96,0.083333,92.875,124,3,True,True,0.083333,116,124,MidDip,Increasing,Intensify,0.240833,0.5,False,False,Intensify,"Sparse, HighEnergy, MeaningfulAnchors, StrongEnding, BackLoaded, PredictableProfile",0.083333,0.731299,1.875,1,-0.125,2.5,1.75,2
Variant_H08_AnchorLed_Increasing,AnchorLed,Increasing,Variant,Base_H08_AnchorLed_Increasing,BasePlusVariants,2045475004,8,8,96,0.083333,93.375,126,3,True,True,0.083333,116.5,126,MidDip,Increasing,Intensify,0.240833,0.5,False,False,Intensify,"Sparse, HighEnergy, MeaningfulAnchors, StrongEnding, BackLoaded, PredictableProfile",0.083333,0.735236,1.875,1,-0.125,2.5,1.75,2
Base_H08_AnchorLed_AccentedEnding,AnchorLed,AccentedEnding,Base,,BasePlusVariants,,8,8,96,0.083333,96.5,126,3,True,True,0.083333,118,126,MidDip,BackLoaded,Intensify,0.240833,0.5,False,False,Intensify,"Sparse, HighEnergy, MeaningfulAnchors, StrongEnding, BackLoaded, PredictableProfile",0.083333,0.759843,1.875,1,-0.125,2.5,1.75,2
Variant_H08_AnchorLed_AccentedEnding,AnchorLed,AccentedEnding,Variant,Base_H08_AnchorLed_AccentedEnding,BasePlusVariants,219992155,8,8,96,0.083333,97.875,127,3,True,True,0.083333,118.5,127,MidDip,BackLoaded,Intensify,0.240833,0.5,False,False,Intensify,"Sparse, HighEnergy, MeaningfulAnchors, StrongEnding, BackLoaded, PredictableProfile",0.083333,0.770669,1.875,1,-0.125,2.5,1.75,2
Base_H12_Even_Flat,Even,Flat,Base,,BasePlusVariants,,12,12,96,0.125,84,84,1,True,False,0.125,84,84,Flat,Flat,Intensify,0.295,0.5,False,False,Intensify,"Sparse, MediumEnergy, MeaningfulAnchors, BalancedProfile",0.125,0.661417,3.75,3.875,-2.5,4.125,-0.25,3.125
Variant_H12_Even_Flat,Even,Flat,Variant,Base_H12_Even_Flat,BasePlusVariants,1727325925,12,12,96,0.125,84.16666,88,1,True,False,0.125,84,88,Flat,FrontLoaded,Intensify,0.295,0.5,False,False,Intensify,"Sparse, MediumEnergy, MeaningfulAnchors, FrontLoaded, PredictableProfile",0.125,0.66273,2.625,3.125,-2.125,4.125,0.75,3.125
Base_H12_Even_Increasing,Even,Increasing,Base,,BasePlusVariants,,12,12,96,0.125,89,108,3,True,True,0.125,104.3333,108,Flat,Increasing,Intensify,0.2825,0.5,False,False,Intensify,"Sparse, HighEnergy, MeaningfulAnchors, StrongEnding, BackLoaded, PredictableProfile",0.125,0.700787,1.875,1,-0.125,2.5,1.75,2
Variant_H12_Even_Increasing,Even,Increasing,Variant,Base_H12_Even_Increasing,BasePlusVariants,1045936341,12,12,96,0.125,89.66666,110,3,True,True,0.125,106,110,Flat,Increasing,Intensify,0.2825,0.5,False,False,Intensify,"Sparse, HighEnergy, MeaningfulAnchors, StrongEnding, BackLoaded, PredictableProfile",0.125,0.706037,1.875,1,-0.125,2.5,1.75,2
Base_H12_Even_AccentedEnding,Even,AccentedEnding,Base,,BasePlusVariants,,12,12,96,0.125,90.5,110,2,True,True,0.125,110,110,Flat,Increasing,Intensify,0.2825,0.5,False,False,Intensify,"Sparse, HighEnergy, MeaningfulAnchors, StrongEnding, BackLoaded, PredictableProfile",0.125,0.712598,1.875,1,-0.125,2.5,1.75,2
Variant_H12_Even_AccentedEnding,Even,AccentedEnding,Variant,Base_H12_Even_AccentedEnding,BasePlusVariants,115194166,12,12,96,0.125,90.91666,113,2,True,True,0.125,110.6667,113,Flat,BackLoaded,Intensify,0.2825,0.5,False,False,Intensify,"Sparse, HighEnergy, MeaningfulAnchors, StrongEnding, BackLoaded, PredictableProfile",0.125,0.715879,1.875,1,-0.125,2.5,1.75,2
Base_H12_FrontLoaded_Flat,FrontLoaded,Flat,Base,,BasePlusVariants,,12,12,96,0.125,84,84,2,True,False,0.083333,84,84,Decreasing,Flat,Intensify,0.295,0.5,False,False,Intensify,"Sparse, MediumEnergy, MeaningfulAnchors, FrontLoaded, PredictableProfile",0.125,0.661417,2.625,3.125,-2.125,4.125,0.75,3.125
Variant_H12_FrontLoaded_Flat,FrontLoaded,Flat,Variant,Base_H12_FrontLoaded_Flat,BasePlusVariants,87514193,12,12,96,0.125,83.08334,88,2,True,False,0.083333,82.5,85,Decreasing,MidPeak,Intensify,0.295,0.5,False,False,Intensify,"Sparse, MediumEnergy, MeaningfulAnchors, FrontLoaded, PredictableProfile",0.125,0.6542,2.625,3.125,-2.125,4.125,0.75,3.125
Base_H12_FrontLoaded_Increasing,FrontLoaded,Increasing,Base,,BasePlusVariants,,12,12,96,0.125,85.91666,108,3,True,True,0.083333,105,108,Decreasing,Increasing,Mirror,0.1375,0.225,True,True,Mirror,"Sparse, MediumEnergy, MeaningfulAnchors, StrongEnding, BackLoaded, PredictableProfile",0.125,0.676509,3.875,2.5,-2.125,3.5,0.75,2
Variant_H12_FrontLoaded_Increasing,FrontLoaded,Increasing,Variant,Base_H12_FrontLoaded_Increasing,BasePlusVariants,349092153,12,12,96,0.125,85.83334,109,3,True,True,0.083333,106,109,Decreasing,Increasing,Mirror,0.1375,0.225,True,True,Mirror,"Sparse, MediumEnergy, MeaningfulAnchors, StrongEnding, BackLoaded, PredictableProfile",0.125,0.675853,3.875,2.5,-2.125,3.5,0.75,2
Base_H12_FrontLoaded_AccentedEnding,FrontLoaded,AccentedEnding,Base,,BasePlusVariants,,12,12,96,0.125,88.33334,110,3,True,True,0.083333,110,110,Decreasing,Increasing,Mirror,0.1375,0.225,True,True,Mirror,"Sparse, MediumEnergy, MeaningfulAnchors, StrongEnding, BackLoaded, PredictableProfile",0.125,0.695538,3.875,2.5,-2.125,3.5,0.75,2
Variant_H12_FrontLoaded_AccentedEnding,FrontLoaded,AccentedEnding,Variant,Base_H12_FrontLoaded_AccentedEnding,BasePlusVariants,1362002602,12,12,96,0.125,88,112,3,True,True,0.083333,111.5,112,Decreasing,BackLoaded,Mirror,0.1375,0.225,True,True,Mirror,"Sparse, MediumEnergy, MeaningfulAnchors, StrongEnding, BackLoaded, PredictableProfile",0.125,0.692913,3.875,2.5,-2.125,3.5,0.75,2
Base_H12_BackLoaded_Flat,BackLoaded,Flat,Base,,BasePlusVariants,,12,12,96,0.125,84,84,2,True,False,0.166667,84,84,Increasing,Flat,Fill,0.325,0.65,False,False,Fill,"Sparse, MediumEnergy, MeaningfulAnchors, BackLoaded, PredictableProfile",0.125,0.661417,2.625,3.125,-2.125,4.125,0.75,3.875
Variant_H12_BackLoaded_Flat,BackLoaded,Flat,Variant,Base_H12_BackLoaded_Flat,BasePlusVariants,509216299,12,12,96,0.125,84.25,88,2,True,False,0.166667,85,88,Increasing,BackLoaded,Fill,0.325,0.65,False,False,Fill,"Sparse, MediumEnergy, MeaningfulAnchors, BackLoaded, PredictableProfile",0.125,0.663386,2.625,3.125,-2.125,4.125,0.75,3.875
Base_H12_BackLoaded_Increasing,BackLoaded,Increasing,Base,,BasePlusVariants,,12,12,96,0.125,92.08334,108,3,True,True,0.166667,104,108,Increasing,Increasing,Intensify,0.2825,0.5,False,False,Intensify,"Sparse, HighEnergy, MeaningfulAnchors, StrongEnding, BackLoaded, PredictableProfile",0.125,0.725066,1.875,1,-0.125,2.5,1.75,2
Variant_H12_BackLoaded_Increasing,BackLoaded,Increasing,Variant,Base_H12_BackLoaded_Increasing,BasePlusVariants,570231127,12,12,96,0.125,91.83334,107,2,True,True,0.166667,102.25,107,Increasing,Increasing,Intensify,0.2825,0.5,False,False,Intensify,"Sparse, HighEnergy, MeaningfulAnchors, StrongEnding, BackLoaded, PredictableProfile",0.125,0.723097,1.875,1,-0.125,2.5,1.75,2
Base_H12_BackLoaded_AccentedEnding,BackLoaded,AccentedEnding,Base,,BasePlusVariants,,12,12,96,0.125,92.66666,110,3,True,True,0.166667,110,110,Increasing,Increasing,Intensify,0.2825,0.5,False,False,Intensify,"Sparse, HighEnergy, MeaningfulAnchors, StrongEnding, BackLoaded, PredictableProfile",0.125,0.729659,1.875,1,-0.125,2.5,1.75,2
Variant_H12_BackLoaded_AccentedEnding,BackLoaded,AccentedEnding,Variant,Base_H12_BackLoaded_AccentedEnding,BasePlusVariants,1035149232,12,12,96,0.125,92.66666,112,3,True,True,0.166667,110.25,112,Increasing,BackLoaded,Intensify,0.2825,0.5,False,False,Intensify,"Sparse, HighEnergy, MeaningfulAnchors, StrongEnding, BackLoaded, PredictableProfile",0.125,0.729659,1.875,1,-0.125,2.5,1.75,2
Base_H12_Clustered_Flat,Clustered,Flat,Base,,BasePlusVariants,,12,12,96,0.125,84,84,1,True,False,0.166667,84,84,MidDip,Flat,Intensify,0.295,0.55,False,False,Intensify,"Sparse, MediumEnergy, BalancedProfile",0.125,0.661417,2.75,2.375,-2.5,4.625,-0.25,3.125
Variant_H12_Clustered_Flat,Clustered,Flat,Variant,Base_H12_Clustered_Flat,BasePlusVariants,196539974,12,12,96,0.125,82.66666,88,2,True,False,0.166667,83.75,88,MidDip,Increasing,Intensify,0.295,0.55,False,False,Intensify,"Sparse, MediumEnergy, BackLoaded, PredictableProfile",0.125,0.650919,1.625,1.625,-2.125,4.625,2.25,3.875
Base_H12_Clustered_Increasing,Clustered,Increasing,Base,,BasePlusVariants,,12,12,96,0.125,89,103,0,False,False,0.166667,102.5,103,MidDip,Increasing,Fill,0.325,0.7,False,False,Fill,"Sparse, HighEnergy, BackLoaded, PredictableProfile",0.125,0.700787,-0.375,0.125,-0.125,3.625,3.25,3.875
Variant_H12_Clustered_Increasing,Clustered,Increasing,Variant,Base_H12_Clustered_Increasing,BasePlusVariants,1832944330,12,12,96,0.125,88.83334,103,1,False,False,0.166667,102.25,103,MidDip,Increasing,Intensify,0.295,0.55,False,False,Intensify,"Sparse, MediumEnergy, BackLoaded, PredictableProfile",0.125,0.699475,1.625,1.625,-2.125,4.625,2.25,3.875
Base_H12_Clustered_AccentedEnding,Clustered,AccentedEnding,Base,,BasePlusVariants,,12,12,96,0.125,92.66666,110,1,True,False,0.166667,110,110,MidDip,Increasing,Fill,0.325,0.7,False,False,Fill,"Sparse, HighEnergy, BackLoaded, PredictableProfile",0.125,0.729659,-0.375,0.125,-0.125,3.625,3.25,3.875
Variant_H12_Clustered_AccentedEnding,Clustered,AccentedEnding,Variant,Base_H12_Clustered_AccentedEnding,BasePlusVariants,281699945,12,12,96,0.125,93.08334,114,1,True,False,0.166667,109,114,MidDip,Increasing,Fill,0.325,0.7,False,False,Fill,"Sparse, HighEnergy, BackLoaded, PredictableProfile",0.125,0.73294,-0.375,0.125,-0.125,3.625,3.25,3.875
Base_H12_AnchorLed_Flat,AnchorLed,Flat,Base,,BasePlusVariants,,12,12,96,0.125,88,100,2,True,False,0.125,89.33334,100,MidDip,BackLoaded,Fill,0.325,0.65,False,False,Fill,"Sparse, MediumEnergy, MeaningfulAnchors, BackLoaded, PredictableProfile",0.125,0.692913,2.625,3.125,-2.125,4.125,0.75,3.875
Variant_H12_AnchorLed_Flat,AnchorLed,Flat,Variant,Base_H12_AnchorLed_Flat,BasePlusVariants,1405328845,12,12,96,0.125,88.33334,104,2,True,False,0.125,91.33334,104,MidDip,BackLoaded,Fill,0.325,0.65,False,False,Fill,"Sparse, MediumEnergy, MeaningfulAnchors, BackLoaded, PredictableProfile",0.125,0.695538,2.625,3.125,-2.125,4.125,0.75,3.875
Base_H12_AnchorLed_Increasing,AnchorLed,Increasing,Base,,BasePlusVariants,,12,12,96,0.125,91.58334,124,2,True,False,0.125,113,124,MidDip,Increasing,Fill,0.325,0.65,False,False,Fill,"Sparse, HighEnergy, MeaningfulAnchors, BackLoaded, PredictableProfile",0.125,0.721129,0.625,1.625,-0.125,3.125,1.75,3.875
Variant_H12_AnchorLed_Increasing,AnchorLed,Increasing,Variant,Base_H12_AnchorLed_Increasing,BasePlusVariants,1579706381,12,12,96,0.125,92,121,2,True,False,0.125,111.6667,121,MidDip,Increasing,Fill,0.325,0.65,False,False,Fill,"Sparse, HighEnergy, MeaningfulAnchors, BackLoaded, PredictableProfile",0.125,0.72441,0.625,1.625,-0.125,3.125,1.75,3.875
Base_H12_AnchorLed_AccentedEnding,AnchorLed,AccentedEnding,Base,,BasePlusVariants,,12,12,96,0.125,94.5,126,2,True,False,0.125,115.3333,126,MidDip,BackLoaded,Fill,0.325,0.65,False,False,Fill,"Sparse, HighEnergy, MeaningfulAnchors, BackLoaded, PredictableProfile",0.125,0.744095,0.625,1.625,-0.125,3.125,1.75,3.875
Variant_H12_AnchorLed_AccentedEnding,AnchorLed,AccentedEnding,Variant,Base_H12_AnchorLed_AccentedEnding,BasePlusVariants,1143834638,12,12,96,0.125,94.66666,125,3,True,True,0.125,114.6667,125,MidDip,BackLoaded,Intensify,0.2825,0.5,False,False,Intensify,"Sparse, HighEnergy, MeaningfulAnchors, StrongEnding, BackLoaded, PredictableProfile",0.125,0.745407,1.875,1,-0.125,2.5,1.75,2
Base_H16_Even_Flat,Even,Flat,Base,,BasePlusVariants,,16,16,96,0.166667,84,84,1,True,False,0.166667,84,84,Flat,Flat,Intensify,0.336667,0.5,False,False,Intensify,"Sparse, MediumEnergy, MeaningfulAnchors, BalancedProfile",0.166667,0.661417,3.75,3.875,-2.5,4.125,-0.25,3.125
Variant_H16_Even_Flat,Even,Flat,Variant,Base_H16_Even_Flat,BasePlusVariants,304924937,16,16,96,0.166667,84.25,88,1,True,False,0.166667,83.25,87,Flat,FrontLoaded,Intensify,0.336667,0.5,False,False,Intensify,"Sparse, MediumEnergy, MeaningfulAnchors, FrontLoaded, PredictableProfile",0.166667,0.663386,2.625,3.125,-2.125,4.125,0.75,3.125
Base_H16_Even_Increasing,Even,Increasing,Base,,BasePlusVariants,,16,16,96,0.166667,89,108,2,True,True,0.166667,104.25,108,Flat,Increasing,Intensify,0.324167,0.5,False,False,Intensify,"Sparse, HighEnergy, MeaningfulAnchors, StrongEnding, BackLoaded, PredictableProfile",0.166667,0.700787,1.875,1,-0.125,2.5,1.75,2
Variant_H16_Even_Increasing,Even,Increasing,Variant,Base_H16_Even_Increasing,BasePlusVariants,1555178945,16,16,96,0.166667,89.25,109,3,True,True,0.208333,103,109,MidDip,Increasing,Intensify,0.324167,0.5,False,False,Intensify,"Sparse, HighEnergy, MeaningfulAnchors, StrongEnding, BackLoaded, PredictableProfile",0.166667,0.702756,1.875,1,-0.125,2.5,1.75,2
Base_H16_Even_AccentedEnding,Even,AccentedEnding,Base,,BasePlusVariants,,16,16,96,0.166667,90.5,110,2,True,True,0.166667,110,110,Flat,Increasing,Intensify,0.324167,0.5,False,False,Intensify,"Sparse, HighEnergy, MeaningfulAnchors, StrongEnding, BackLoaded, PredictableProfile",0.166667,0.712598,1.875,1,-0.125,2.5,1.75,2
Variant_H16_Even_AccentedEnding,Even,AccentedEnding,Variant,Base_H16_Even_AccentedEnding,BasePlusVariants,489620274,16,16,96,0.166667,91.4375,112,2,True,True,0.166667,109.5,112,Flat,BackLoaded,Intensify,0.324167,0.5,False,False,Intensify,"Sparse, HighEnergy, MeaningfulAnchors, StrongEnding, BackLoaded, PredictableProfile",0.166667,0.71998,1.875,1,-0.125,2.5,1.75,2
Base_H16_FrontLoaded_Flat,FrontLoaded,Flat,Base,,BasePlusVariants,,16,16,96,0.166667,84,84,2,True,False,0.125,84,84,FrontLoaded,Flat,Intensify,0.336667,0.5,False,False,Intensify,"Sparse, MediumEnergy, MeaningfulAnchors, FrontLoaded, PredictableProfile",0.166667,0.661417,2.625,3.125,-2.125,4.125,0.75,3.125
Variant_H16_FrontLoaded_Flat,FrontLoaded,Flat,Variant,Base_H16_FrontLoaded_Flat,BasePlusVariants,52609749,16,16,96,0.166667,83.3125,88,2,True,False,0.125,84.66666,87,FrontLoaded,MidDip,Intensify,0.336667,0.5,False,False,Intensify,"Sparse, MediumEnergy, MeaningfulAnchors, FrontLoaded, PredictableProfile",0.166667,0.656004,2.625,3.125,-2.125,4.125,0.75,3.125
Base_H16_FrontLoaded_Increasing,FrontLoaded,Increasing,Base,,BasePlusVariants,,16,16,96,0.166667,85.5,108,5,True,True,0.125,103.3333,108,FrontLoaded,Increasing,Mirror,0.179167,0.225,True,True,Mirror,"Sparse, MediumEnergy, MeaningfulAnchors, StrongEnding, BackLoaded, PredictableProfile",0.166667,0.673228,3.875,2.5,-2.125,3.5,0.75,2
Variant_H16_FrontLoaded_Increasing,FrontLoaded,Increasing,Variant,Base_H16_FrontLoaded_Increasing,BasePlusVariants,1783333,16,16,96,0.166667,86,105,3,False,False,0.125,103.3333,105,FrontLoaded,Increasing,Intensify,0.336667,0.55,False,False,Intensify,"Sparse, MediumEnergy, BackLoaded, PredictableProfile",0.166667,0.677165,1.625,1.625,-2.125,4.625,2.25,3.875
Base_H16_FrontLoaded_AccentedEnding,FrontLoaded,AccentedEnding,Base,,BasePlusVariants,,16,16,96,0.166667,88.875,110,4,True,True,0.125,110,110,FrontLoaded,Increasing,Mirror,0.179167,0.225,True,True,Mirror,"Sparse, MediumEnergy, MeaningfulAnchors, StrongEnding, BackLoaded, PredictableProfile",0.166667,0.699803,3.875,2.5,-2.125,3.5,0.75,2
Variant_H16_FrontLoaded_AccentedEnding,FrontLoaded,AccentedEnding,Variant,Base_H16_FrontLoaded_AccentedEnding,BasePlusVariants,611222566,16,16,96,0.166667,89.4375,114,4,True,True,0.125,110.3333,114,FrontLoaded,BackLoaded,Intensify,0.324167,0.5,False,False,Intensify,"Sparse, HighEnergy, MeaningfulAnchors, StrongEnding, BackLoaded, PredictableProfile",0.166667,0.704232,1.875,1,-0.125,2.5,1.75,2
Base_H16_BackLoaded_Flat,BackLoaded,Flat,Base,,BasePlusVariants,,16,16,96,0.166667,84,84,2,True,False,0.25,84,84,Increasing,Flat,Fill,0.366667,0.65,False,False,Fill,"Sparse, MediumEnergy, MeaningfulAnchors, BackLoaded, PredictableProfile",0.166667,0.661417,2.625,3.125,-2.125,4.125,0.75,3.875
Variant_H16_BackLoaded_Flat,BackLoaded,Flat,Variant,Base_H16_BackLoaded_Flat,BasePlusVariants,1200327623,16,16,96,0.166667,83.5625,88,2,False,False,0.25,83.33334,86,Increasing,FrontLoaded,Intensify,0.336667,0.55,False,False,Intensify,"Sparse, MediumEnergy, BackLoaded, PredictableProfile",0.166667,0.657973,1.625,1.625,-2.125,4.625,2.25,3.875
Base_H16_BackLoaded_Increasing,BackLoaded,Increasing,Base,,BasePlusVariants,,16,16,96,0.166667,92.625,108,5,True,True,0.25,103.1667,108,Increasing,Increasing,Intensify,0.324167,0.5,False,False,Intensify,"Sparse, HighEnergy, MeaningfulAnchors, StrongEnding, BackLoaded, PredictableProfile",0.166667,0.729331,1.875,1,-0.125,2.5,1.75,2
Variant_H16_BackLoaded_Increasing,BackLoaded,Increasing,Variant,Base_H16_BackLoaded_Increasing,BasePlusVariants,1683730411,16,16,96,0.166667,92.1875,106,5,True,True,0.25,101.6667,106,Increasing,Increasing,Intensify,0.324167,0.5,False,False,Intensify,"Sparse, HighEnergy, MeaningfulAnchors, StrongEnding, BackLoaded, PredictableProfile",0.166667,0.725886,1.875,1,-0.125,2.5,1.75,2
Base_H16_BackLoaded_AccentedEnding,BackLoaded,AccentedEnding,Base,,BasePlusVariants,,16,16,96,0.166667,93.75,110,5,True,True,0.25,110,110,Increasing,Increasing,Intensify,0.324167,0.5,False,False,Intensify,"Sparse, HighEnergy, MeaningfulAnchors, StrongEnding, BackLoaded, PredictableProfile",0.166667,0.738189,1.875,1,-0.125,2.5,1.75,2
Variant_H16_BackLoaded_AccentedEnding,BackLoaded,AccentedEnding,Variant,Base_H16_BackLoaded_AccentedEnding,BasePlusVariants,2138148244,16,16,96,0.166667,94.4375,113,4,True,True,0.25,110.1667,113,Increasing,BackLoaded,Intensify,0.324167,0.5,False,False,Intensify,"Sparse, HighEnergy, MeaningfulAnchors, StrongEnding, BackLoaded, PredictableProfile",0.166667,0.743602,1.875,1,-0.125,2.5,1.75,2
Base_H16_Clustered_Flat,Clustered,Flat,Base,,BasePlusVariants,,16,16,96,0.166667,84,84,1,False,True,0.208333,84,84,MidDip,Flat,Mirror,0.179167,0.275,False,True,Mirror,"Sparse, MediumEnergy, StrongEnding, BalancedProfile",0.166667,0.661417,4,1.75,-2.5,4,-0.25,1.25
Variant_H16_Clustered_Flat,Clustered,Flat,Variant,Base_H16_Clustered_Flat,BasePlusVariants,1099580178,16,16,96,0.166667,85.6875,88,1,False,True,0.208333,86.8,88,MidDip,BackLoaded,Intensify,0.324167,0.55,False,False,Intensify,"Sparse, MediumEnergy, StrongEnding, BackLoaded, PredictableProfile",0.166667,0.674705,2.875,1,-2.125,4,2.25,2
Base_H16_Clustered_Increasing,Clustered,Increasing,Base,,BasePlusVariants,,16,16,96,0.166667,88.25,104,1,False,True,0.208333,102.8,104,MidDip,Increasing,Intensify,0.324167,0.55,False,False,Intensify,"Sparse, MediumEnergy, StrongEnding, BackLoaded, PredictableProfile",0.166667,0.694882,2.875,1,-2.125,4,2.25,2
Variant_H16_Clustered_Increasing,Clustered,Increasing,Variant,Base_H16_Clustered_Increasing,BasePlusVariants,554935758,16,16,96,0.166667,88.75,106,1,False,True,0.208333,104,106,MidDip,BackLoaded,Intensify,0.324167,0.55,False,False,Intensify,"Sparse, MediumEnergy, StrongEnding, BackLoaded, PredictableProfile",0.166667,0.698819,2.875,1,-2.125,4,2.25,2
Base_H16_Clustered_AccentedEnding,Clustered,AccentedEnding,Base,,BasePlusVariants,,16,16,96,0.166667,92.125,110,1,False,True,0.208333,110,110,MidDip,Increasing,Contrast,0.179167,0.7,False,False,Contrast,"Sparse, HighEnergy, StrongEnding, BackLoaded, PredictableProfile",0.166667,0.725394,0.875,-0.5,-0.125,3,3.25,2
Variant_H16_Clustered_AccentedEnding,Clustered,AccentedEnding,Variant,Base_H16_Clustered_AccentedEnding,BasePlusVariants,993025197,16,16,96,0.166667,91.75,114,1,False,True,0.208333,110.4,114,MidDip,BackLoaded,Contrast,0.179167,0.7,False,False,Contrast,"Sparse, HighEnergy, StrongEnding, BackLoaded, PredictableProfile",0.166667,0.722441,0.875,-0.5,-0.125,3,3.25,2
Base_H16_AnchorLed_Flat,AnchorLed,Flat,Base,,BasePlusVariants,,16,16,96,0.166667,87,100,2,True,False,0.166667,88,100,MidDip,BackLoaded,Fill,0.366667,0.65,False,False,Fill,"Sparse, MediumEnergy, MeaningfulAnchors, BackLoaded, PredictableProfile",0.166667,0.685039,2.625,3.125,-2.125,4.125,0.75,3.875
Variant_H16_AnchorLed_Flat,AnchorLed,Flat,Variant,Base_H16_AnchorLed_Flat,BasePlusVariants,2138857169,16,16,96,0.166667,86.125,103,2,True,False,0.166667,88.5,103,MidDip,BackLoaded,Fill,0.366667,0.65,False,False,Fill,"Sparse, MediumEnergy, MeaningfulAnchors, BackLoaded, PredictableProfile",0.166667,0.67815,2.625,3.125,-2.125,4.125,0.75,3.875
Base_H16_AnchorLed_Increasing,AnchorLed,Increasing,Base,,BasePlusVariants,,16,16,96,0.166667,91,124,2,True,False,0.166667,111.5,124,MidDip,Increasing,Fill,0.366667,0.65,False,False,Fill,"Sparse, HighEnergy, MeaningfulAnchors, BackLoaded, PredictableProfile",0.166667,0.716535,0.625,1.625,-0.125,3.125,1.75,3.875
Variant_H16_AnchorLed_Increasing,AnchorLed,Increasing,Variant,Base_H16_AnchorLed_Increasing,BasePlusVariants,1809295289,16,16,96,0.166667,90.875,125,3,True,True,0.166667,110.75,125,MidDip,Increasing,Intensify,0.324167,0.5,False,False,Intensify,"Sparse, HighEnergy, MeaningfulAnchors, StrongEnding, BackLoaded, PredictableProfile",0.166667,0.715551,1.875,1,-0.125,2.5,1.75,2
Base_H16_AnchorLed_AccentedEnding,AnchorLed,AccentedEnding,Base,,BasePlusVariants,,16,16,96,0.166667,93.5,126,2,True,False,0.166667,114,126,MidDip,BackLoaded,Fill,0.366667,0.65,False,False,Fill,"Sparse, HighEnergy, MeaningfulAnchors, BackLoaded, PredictableProfile",0.166667,0.736221,0.625,1.625,-0.125,3.125,1.75,3.875
Variant_H16_AnchorLed_AccentedEnding,AnchorLed,AccentedEnding,Variant,Base_H16_AnchorLed_AccentedEnding,BasePlusVariants,1232591146,16,16,96,0.166667,93.5,125,4,True,True,0.166667,112.25,125,MidDip,BackLoaded,Intensify,0.324167,0.5,False,False,Intensify,"Sparse, HighEnergy, MeaningfulAnchors, StrongEnding, BackLoaded, PredictableProfile",0.166667,0.736221,1.875,1,-0.125,2.5,1.75,2
Base_H20_Even_Flat,Even,Flat,Base,,BasePlusVariants,,20,20,96,0.208333,84,84,1,True,False,0.208333,84,84,Flat,Flat,Intensify,0.353333,0.5,False,False,Intensify,"Sparse, MediumEnergy, MeaningfulAnchors, BalancedProfile",0.208333,0.661417,3.75,3.875,-2.5,4.125,-0.25,3.125
Variant_H20_Even_Flat,Even,Flat,Variant,Base_H20_Even_Flat,BasePlusVariants,1871891072,20,20,96,0.208333,84.4,88,1,True,False,0.208333,83.6,87,Flat,FrontLoaded,Intensify,0.353333,0.5,False,False,Intensify,"Sparse, MediumEnergy, MeaningfulAnchors, FrontLoaded, PredictableProfile",0.208333,0.664567,2.625,3.125,-2.125,4.125,0.75,3.125
Base_H20_Even_Increasing,Even,Increasing,Base,,BasePlusVariants,,20,20,96,0.208333,89,108,4,True,True,0.208333,104,108,Flat,Increasing,Intensify,0.340833,0.5,False,False,Intensify,"Sparse, HighEnergy, MeaningfulAnchors, StrongEnding, BackLoaded, PredictableProfile",0.208333,0.700787,1.875,1,-0.125,2.5,1.75,2
Variant_H20_Even_Increasing,Even,Increasing,Variant,Base_H20_Even_Increasing,BasePlusVariants,1697037072,20,20,96,0.208333,89,107,4,True,True,0.208333,103.4,107,Flat,Increasing,Intensify,0.340833,0.5,False,False,Intensify,"Sparse, HighEnergy, MeaningfulAnchors, StrongEnding, BackLoaded, PredictableProfile",0.208333,0.700787,1.875,1,-0.125,2.5,1.75,2
Base_H20_Even_AccentedEnding,Even,AccentedEnding,Base,,BasePlusVariants,,20,20,96,0.208333,90.5,110,3,True,True,0.208333,110,110,Flat,Increasing,Intensify,0.340833,0.5,False,False,Intensify,"Sparse, HighEnergy, MeaningfulAnchors, StrongEnding, BackLoaded, PredictableProfile",0.208333,0.712598,1.875,1,-0.125,2.5,1.75,2
Variant_H20_Even_AccentedEnding,Even,AccentedEnding,Variant,Base_H20_Even_AccentedEnding,BasePlusVariants,1839198591,20,20,96,0.208333,91,113,3,True,True,0.208333,111.4,113,Flat,BackLoaded,Intensify,0.340833,0.5,False,False,Intensify,"Sparse, HighEnergy, MeaningfulAnchors, StrongEnding, BackLoaded, PredictableProfile",0.208333,0.716535,1.875,1,-0.125,2.5,1.75,2
Base_H20_FrontLoaded_Flat,FrontLoaded,Flat,Base,,BasePlusVariants,,20,20,96,0.208333,84,84,2,True,False,0.125,84,84,Decreasing,Flat,Intensify,0.353333,0.5,False,False,Intensify,"Sparse, MediumEnergy, MeaningfulAnchors, FrontLoaded, PredictableProfile",0.208333,0.661417,2.625,3.125,-2.125,4.125,0.75,3.125
Variant_H20_FrontLoaded_Flat,FrontLoaded,Flat,Variant,Base_H20_FrontLoaded_Flat,BasePlusVariants,1103321214,20,20,96,0.208333,84.05,87,1,True,False,0.125,83.33334,87,Decreasing,FrontLoaded,Intensify,0.353333,0.5,False,False,Intensify,"Sparse, MediumEnergy, MeaningfulAnchors, FrontLoaded, PredictableProfile",0.208333,0.661811,2.625,3.125,-2.125,4.125,0.75,3.125
Base_H20_FrontLoaded_Increasing,FrontLoaded,Increasing,Base,,BasePlusVariants,,20,20,96,0.208333,85.15,108,3,True,True,0.125,104,108,Decreasing,Increasing,Mirror,0.220833,0.225,True,True,Mirror,"Sparse, MediumEnergy, MeaningfulAnchors, StrongEnding, BackLoaded, PredictableProfile",0.208333,0.670472,3.875,2.5,-2.125,3.5,0.75,2
Variant_H20_FrontLoaded_Increasing,FrontLoaded,Increasing,Variant,Base_H20_FrontLoaded_Increasing,BasePlusVariants,1060579794,20,20,96,0.208333,85.45,110,2,True,True,0.125,104,110,Decreasing,Increasing,Mirror,0.220833,0.225,True,True,Mirror,"Sparse, MediumEnergy, MeaningfulAnchors, StrongEnding, BackLoaded, PredictableProfile",0.208333,0.672835,3.875,2.5,-2.125,3.5,0.75,2
Base_H20_FrontLoaded_AccentedEnding,FrontLoaded,AccentedEnding,Base,,BasePlusVariants,,20,20,96,0.208333,87.9,110,3,True,True,0.125,110,110,Decreasing,Increasing,Mirror,0.220833,0.225,True,True,Mirror,"Sparse, MediumEnergy, MeaningfulAnchors, StrongEnding, BackLoaded, PredictableProfile",0.208333,0.692126,3.875,2.5,-2.125,3.5,0.75,2
Variant_H20_FrontLoaded_AccentedEnding,FrontLoaded,AccentedEnding,Variant,Base_H20_FrontLoaded_AccentedEnding,BasePlusVariants,212819057,20,20,96,0.208333,88.85,112,3,True,True,0.125,111,112,Decreasing,Increasing,Mirror,0.220833,0.225,True,True,Mirror,"Sparse, MediumEnergy, MeaningfulAnchors, StrongEnding, BackLoaded, PredictableProfile",0.208333,0.699606,3.875,2.5,-2.125,3.5,0.75,2
Base_H20_BackLoaded_Flat,BackLoaded,Flat,Base,,BasePlusVariants,,20,20,96,0.208333,84,84,3,True,False,0.291667,84,84,Increasing,Flat,Fill,0.408333,0.65,False,False,Fill,"Sparse, MediumEnergy, MeaningfulAnchors, BackLoaded, PredictableProfile",0.208333,0.661417,2.625,3.125,-2.125,4.125,0.75,3.875
Variant_H20_BackLoaded_Flat,BackLoaded,Flat,Variant,Base_H20_BackLoaded_Flat,BasePlusVariants,874977474,20,20,96,0.208333,83.45,88,2,False,False,0.291667,82.85714,86,Increasing,Decreasing,Intensify,0.353333,0.55,False,False,Intensify,"Sparse, MediumEnergy, BackLoaded, PredictableProfile",0.208333,0.657087,1.625,1.625,-2.125,4.625,2.25,3.875
Base_H20_BackLoaded_Increasing,BackLoaded,Increasing,Base,,BasePlusVariants,,20,20,96,0.208333,92.85,108,4,True,True,0.291667,103.5714,108,Increasing,Increasing,Intensify,0.340833,0.5,False,False,Intensify,"Sparse, HighEnergy, MeaningfulAnchors, StrongEnding, BackLoaded, PredictableProfile",0.208333,0.731102,1.875,1,-0.125,2.5,1.75,2
Variant_H20_BackLoaded_Increasing,BackLoaded,Increasing,Variant,Base_H20_BackLoaded_Increasing,BasePlusVariants,1724362398,20,20,96,0.208333,92.65,109,4,True,True,0.291667,105,109,Increasing,Increasing,Intensify,0.340833,0.5,False,False,Intensify,"Sparse, HighEnergy, MeaningfulAnchors, StrongEnding, BackLoaded, PredictableProfile",0.208333,0.729528,1.875,1,-0.125,2.5,1.75,2
Base_H20_BackLoaded_AccentedEnding,BackLoaded,AccentedEnding,Base,,BasePlusVariants,,20,20,96,0.208333,93.1,110,4,True,True,0.291667,110,110,Increasing,Increasing,Intensify,0.340833,0.5,False,False,Intensify,"Sparse, HighEnergy, MeaningfulAnchors, StrongEnding, BackLoaded, PredictableProfile",0.208333,0.733071,1.875,1,-0.125,2.5,1.75,2
Variant_H20_BackLoaded_AccentedEnding,BackLoaded,AccentedEnding,Variant,Base_H20_BackLoaded_AccentedEnding,BasePlusVariants,1763131101,20,20,96,0.208333,93.45,113,3,False,True,0.291667,109,113,Increasing,BackLoaded,Intensify,0.340833,0.5,False,False,Intensify,"Sparse, HighEnergy, MeaningfulAnchors, StrongEnding, BackLoaded, PredictableProfile",0.208333,0.735827,1.875,1,-0.125,2.5,1.75,2
Base_H20_Clustered_Flat,Clustered,Flat,Base,,BasePlusVariants,,20,20,96,0.208333,84,84,1,False,True,0.25,84,84,MidDip,Flat,Mirror,0.220833,0.275,False,True,Mirror,"Sparse, MediumEnergy, StrongEnding, BalancedProfile",0.208333,0.661417,4,1.75,-2.5,4,-0.25,1.25
Variant_H20_Clustered_Flat,Clustered,Flat,Variant,Base_H20_Clustered_Flat,BasePlusVariants,1114353293,20,20,96,0.208333,83.95,88,1,False,True,0.25,84.66666,87,MidDip,MidPeak,Mirror,0.220833,0.275,False,True,Mirror,"Sparse, MediumEnergy, StrongEnding, BalancedProfile",0.208333,0.661024,4,1.75,-2.5,4,-0.25,1.25
Base_H20_Clustered_Increasing,Clustered,Increasing,Base,,BasePlusVariants,,20,20,96,0.208333,88.45,104,1,False,True,0.25,102.6667,104,MidDip,Increasing,Intensify,0.340833,0.55,False,False,Intensify,"Sparse, MediumEnergy, StrongEnding, BackLoaded, PredictableProfile",0.208333,0.696457,2.875,1,-2.125,4,2.25,2
Variant_H20_Clustered_Increasing,Clustered,Increasing,Variant,Base_H20_Clustered_Increasing,BasePlusVariants,717495757,20,20,96,0.208333,88,107,1,False,True,0.25,103,107,MidDip,Increasing,Intensify,0.340833,0.55,False,False,Intensify,"Sparse, MediumEnergy, StrongEnding, BackLoaded, PredictableProfile",0.208333,0.692913,2.875,1,-2.125,4,2.25,2
Base_H20_Clustered_AccentedEnding,Clustered,AccentedEnding,Base,,BasePlusVariants,,20,20,96,0.208333,91.8,110,1,False,True,0.25,110,110,MidDip,Increasing,Contrast,0.220833,0.7,False,False,Contrast,"Sparse, HighEnergy, StrongEnding, BackLoaded, PredictableProfile",0.208333,0.722835,0.875,-0.5,-0.125,3,3.25,2
Variant_H20_Clustered_AccentedEnding,Clustered,AccentedEnding,Variant,Base_H20_Clustered_AccentedEnding,BasePlusVariants,156789454,20,20,96,0.208333,92.35,114,1,False,True,0.25,111.1667,114,MidDip,BackLoaded,Contrast,0.220833,0.7,False,False,Contrast,"Sparse, HighEnergy, StrongEnding, BackLoaded, PredictableProfile",0.208333,0.727165,0.875,-0.5,-0.125,3,3.25,2
Base_H20_AnchorLed_Flat,AnchorLed,Flat,Base,,BasePlusVariants,,20,20,96,0.208333,86.4,100,2,True,False,0.208333,87.2,100,MidDip,BackLoaded,Fill,0.408333,0.65,False,False,Fill,"Sparse, MediumEnergy, MeaningfulAnchors, BackLoaded, PredictableProfile",0.208333,0.680315,2.625,3.125,-2.125,4.125,0.75,3.875
Variant_H20_AnchorLed_Flat,AnchorLed,Flat,Variant,Base_H20_AnchorLed_Flat,BasePlusVariants,1200252906,20,20,96,0.208333,86.55,103,2,True,False,0.208333,86.6,97,MidDip,MidDip,Intensify,0.353333,0.5,False,False,Intensify,"Sparse, MediumEnergy, MeaningfulAnchors, BalancedProfile",0.208333,0.681496,3.75,3.875,-2.5,4.125,-0.25,3.125
Base_H20_AnchorLed_Increasing,AnchorLed,Increasing,Base,,BasePlusVariants,,20,20,96,0.208333,90.65,124,2,True,False,0.208333,110.4,124,MidDip,Increasing,Fill,0.408333,0.65,False,False,Fill,"Sparse, HighEnergy, MeaningfulAnchors, BackLoaded, PredictableProfile",0.208333,0.71378,0.625,1.625,-0.125,3.125,1.75,3.875
Variant_H20_AnchorLed_Increasing,AnchorLed,Increasing,Variant,Base_H20_AnchorLed_Increasing,BasePlusVariants,1749714518,20,20,96,0.208333,89.8,126,3,True,True,0.208333,109,126,MidDip,Increasing,Intensify,0.340833,0.5,False,False,Intensify,"Sparse, HighEnergy, MeaningfulAnchors, StrongEnding, BackLoaded, PredictableProfile",0.208333,0.707087,1.875,1,-0.125,2.5,1.75,2
Base_H20_AnchorLed_AccentedEnding,AnchorLed,AccentedEnding,Base,,BasePlusVariants,,20,20,96,0.208333,92.9,126,2,True,False,0.208333,113.2,126,MidDip,BackLoaded,Fill,0.408333,0.65,False,False,Fill,"Sparse, HighEnergy, MeaningfulAnchors, BackLoaded, PredictableProfile",0.208333,0.731496,0.625,1.625,-0.125,3.125,1.75,3.875
Variant_H20_AnchorLed_AccentedEnding,AnchorLed,AccentedEnding,Variant,Base_H20_AnchorLed_AccentedEnding,BasePlusVariants,944243541,20,20,96,0.208333,92.45,127,1,True,False,0.208333,114.2,127,MidDip,BackLoaded,Fill,0.408333,0.65,False,False,Fill,"Sparse, HighEnergy, MeaningfulAnchors, BackLoaded, PredictableProfile",0.208333,0.727953,0.625,1.625,-0.125,3.125,1.75,3.875
Base_H24_Even_Flat,Even,Flat,Base,,BasePlusVariants,,24,24,96,0.25,84,84,1,True,False,0.25,84,84,Flat,Flat,Intensify,0.395,0.5,False,False,Intensify,"Sparse, MediumEnergy, MeaningfulAnchors, BalancedProfile",0.25,0.661417,3.75,3.875,-2.5,4.125,-0.25,3.125
Variant_H24_Even_Flat,Even,Flat,Variant,Base_H24_Even_Flat,BasePlusVariants,1221406172,24,24,96,0.25,84.125,88,1,True,False,0.25,83.5,88,Flat,FrontLoaded,Intensify,0.395,0.5,False,False,Intensify,"Sparse, MediumEnergy, MeaningfulAnchors, FrontLoaded, PredictableProfile",0.25,0.662402,2.625,3.125,-2.125,4.125,0.75,3.125
Base_H24_Even_Increasing,Even,Increasing,Base,,BasePlusVariants,,24,24,96,0.25,89,108,2,True,True,0.25,103.8333,108,Flat,Increasing,Intensify,0.3825,0.5,False,False,Intensify,"Sparse, HighEnergy, MeaningfulAnchors, StrongEnding, BackLoaded, PredictableProfile",0.25,0.700787,1.875,1,-0.125,2.5,1.75,2
Variant_H24_Even_Increasing,Even,Increasing,Variant,Base_H24_Even_Increasing,BasePlusVariants,1163924212,24,24,96,0.25,89.04166,110,2,True,True,0.25,102.6667,110,Flat,Increasing,Intensify,0.3825,0.5,False,False,Intensify,"Sparse, HighEnergy, MeaningfulAnchors, StrongEnding, BackLoaded, PredictableProfile",0.25,0.701116,1.875,1,-0.125,2.5,1.75,2
Base_H24_Even_AccentedEnding,Even,AccentedEnding,Base,,BasePlusVariants,,24,24,96,0.25,90.5,110,2,True,True,0.25,110,110,Flat,Increasing,Intensify,0.3825,0.5,False,False,Intensify,"Sparse, HighEnergy, MeaningfulAnchors, StrongEnding, BackLoaded, PredictableProfile",0.25,0.712598,1.875,1,-0.125,2.5,1.75,2
Variant_H24_Even_AccentedEnding,Even,AccentedEnding,Variant,Base_H24_Even_AccentedEnding,BasePlusVariants,634551283,24,24,96,0.25,91.125,114,2,True,True,0.25,110,114,Flat,BackLoaded,Intensify,0.3825,0.5,False,False,Intensify,"Sparse, HighEnergy, MeaningfulAnchors, StrongEnding, BackLoaded, PredictableProfile",0.25,0.71752,1.875,1,-0.125,2.5,1.75,2
Base_H24_FrontLoaded_Flat,FrontLoaded,Flat,Base,,BasePlusVariants,,24,24,96,0.25,84,84,2,True,False,0.166667,84,84,Decreasing,Flat,Intensify,0.395,0.5,False,False,Intensify,"Sparse, MediumEnergy, MeaningfulAnchors, FrontLoaded, PredictableProfile",0.25,0.661417,2.625,3.125,-2.125,4.125,0.75,3.125
Variant_H24_FrontLoaded_Flat,FrontLoaded,Flat,Variant,Base_H24_FrontLoaded_Flat,BasePlusVariants,46330138,24,24,96,0.25,84.04166,88,2,True,False,0.166667,81.5,84,Decreasing,Decreasing,Intensify,0.395,0.5,False,False,Intensify,"Sparse, MediumEnergy, MeaningfulAnchors, FrontLoaded, PredictableProfile",0.25,0.661745,2.625,3.125,-2.125,4.125,0.75,3.125
Base_H24_FrontLoaded_Increasing,FrontLoaded,Increasing,Base,,BasePlusVariants,,24,24,96,0.25,85.75,108,3,True,True,0.166667,104,108,Decreasing,Increasing,Mirror,0.2625,0.225,True,True,Mirror,"Sparse, MediumEnergy, MeaningfulAnchors, StrongEnding, BackLoaded, PredictableProfile",0.25,0.675197,3.875,2.5,-2.125,3.5,0.75,2
Variant_H24_FrontLoaded_Increasing,FrontLoaded,Increasing,Variant,Base_H24_FrontLoaded_Increasing,BasePlusVariants,1009125542,24,24,96,0.25,85.79166,106,3,True,True,0.166667,104,106,Decreasing,Increasing,Intensify,0.3825,0.55,False,False,Intensify,"Sparse, MediumEnergy, StrongEnding, BackLoaded, PredictableProfile",0.25,0.675525,2.875,1,-2.125,4,2.25,2
Base_H24_FrontLoaded_AccentedEnding,FrontLoaded,AccentedEnding,Base,,BasePlusVariants,,24,24,96,0.25,88.33334,110,3,True,True,0.166667,110,110,Decreasing,Increasing,Mirror,0.2625,0.225,True,True,Mirror,"Sparse, MediumEnergy, MeaningfulAnchors, StrongEnding, BackLoaded, PredictableProfile",0.25,0.695538,3.875,2.5,-2.125,3.5,0.75,2
Variant_H24_FrontLoaded_AccentedEnding,FrontLoaded,AccentedEnding,Variant,Base_H24_FrontLoaded_AccentedEnding,BasePlusVariants,1761106757,24,24,96,0.25,89.08334,114,3,True,True,0.166667,111.75,114,Decreasing,BackLoaded,Intensify,0.3825,0.5,False,False,Intensify,"Sparse, HighEnergy, MeaningfulAnchors, StrongEnding, BackLoaded, PredictableProfile",0.25,0.701444,1.875,1,-0.125,2.5,1.75,2
Base_H24_BackLoaded_Flat,BackLoaded,Flat,Base,,BasePlusVariants,,24,24,96,0.25,84,84,2,True,False,0.333333,84,84,Increasing,Flat,Fill,0.45,0.65,False,False,Fill,"Sparse, MediumEnergy, MeaningfulAnchors, BackLoaded, PredictableProfile",0.25,0.661417,2.625,3.125,-2.125,4.125,0.75,3.875
Variant_H24_BackLoaded_Flat,BackLoaded,Flat,Variant,Base_H24_BackLoaded_Flat,BasePlusVariants,1300373350,24,24,96,0.25,83.66666,88,2,True,False,0.333333,84.25,88,Increasing,FrontLoaded,Fill,0.45,0.65,False,False,Fill,"Sparse, MediumEnergy, MeaningfulAnchors, BackLoaded, PredictableProfile",0.25,0.658793,2.625,3.125,-2.125,4.125,0.75,3.875
Base_H24_BackLoaded_Increasing,BackLoaded,Increasing,Base,,BasePlusVariants,,24,24,96,0.25,92.25,108,3,True,True,0.333333,103.625,108,Increasing,Increasing,Intensify,0.3825,0.5,False,False,Intensify,"Sparse, HighEnergy, MeaningfulAnchors, StrongEnding, BackLoaded, PredictableProfile",0.25,0.726378,1.875,1,-0.125,2.5,1.75,2
Variant_H24_BackLoaded_Increasing,BackLoaded,Increasing,Variant,Base_H24_BackLoaded_Increasing,BasePlusVariants,1132893162,24,24,96,0.25,92.875,110,3,True,True,0.333333,105,110,Increasing,Increasing,Intensify,0.3825,0.5,False,False,Intensify,"Sparse, HighEnergy, MeaningfulAnchors, StrongEnding, BackLoaded, PredictableProfile",0.25,0.731299,1.875,1,-0.125,2.5,1.75,2
Base_H24_BackLoaded_AccentedEnding,BackLoaded,AccentedEnding,Base,,BasePlusVariants,,24,24,96,0.25,92.66666,110,3,True,True,0.333333,110,110,Increasing,Increasing,Intensify,0.3825,0.5,False,False,Intensify,"Sparse, HighEnergy, MeaningfulAnchors, StrongEnding, BackLoaded, PredictableProfile",0.25,0.729659,1.875,1,-0.125,2.5,1.75,2
Variant_H24_BackLoaded_AccentedEnding,BackLoaded,AccentedEnding,Variant,Base_H24_BackLoaded_AccentedEnding,BasePlusVariants,1635315017,24,24,96,0.25,92.29166,112,3,True,True,0.333333,109.5,112,Increasing,Increasing,Intensify,0.3825,0.5,False,False,Intensify,"Sparse, HighEnergy, MeaningfulAnchors, StrongEnding, BackLoaded, PredictableProfile",0.25,0.726706,1.875,1,-0.125,2.5,1.75,2
Base_H24_Clustered_Flat,Clustered,Flat,Base,,BasePlusVariants,,24,24,96,0.25,84,84,0,False,False,0.333333,84,84,MidDip,Flat,Intensify,0.395,0.55,False,False,Intensify,"Sparse, MediumEnergy, BalancedProfile",0.25,0.661417,2.75,2.375,-2.5,4.625,-0.25,3.125
Variant_H24_Clustered_Flat,Clustered,Flat,Variant,Base_H24_Clustered_Flat,BasePlusVariants,201001489,24,24,96,0.25,83.54166,88,1,False,False,0.333333,83,88,MidDip,FrontLoaded,Intensify,0.395,0.55,False,False,Intensify,"Sparse, MediumEnergy, FrontLoaded, PredictableProfile",0.25,0.657808,1.625,1.625,-2.125,4.625,2.25,3.125
Base_H24_Clustered_Increasing,Clustered,Increasing,Base,,BasePlusVariants,,24,24,96,0.25,89,104,0,False,False,0.333333,102.625,104,MidDip,Increasing,Fill,0.45,0.7,False,False,Fill,"Sparse, HighEnergy, BackLoaded, PredictableProfile",0.25,0.700787,-0.375,0.125,-0.125,3.625,3.25,3.875
Variant_H24_Clustered_Increasing,Clustered,Increasing,Variant,Base_H24_Clustered_Increasing,BasePlusVariants,1227536377,24,24,96,0.25,89.79166,106,0,False,False,0.333333,103.75,106,MidDip,Increasing,Fill,0.45,0.7,False,False,Fill,"Sparse, HighEnergy, BackLoaded, PredictableProfile",0.25,0.707021,-0.375,0.125,-0.125,3.625,3.25,3.875
Base_H24_Clustered_AccentedEnding,Clustered,AccentedEnding,Base,,BasePlusVariants,,24,24,96,0.25,92.66666,110,1,False,False,0.333333,110,110,MidDip,Increasing,Fill,0.45,0.7,False,False,Fill,"Sparse, HighEnergy, BackLoaded, PredictableProfile",0.25,0.729659,-0.375,0.125,-0.125,3.625,3.25,3.875
Variant_H24_Clustered_AccentedEnding,Clustered,AccentedEnding,Variant,Base_H24_Clustered_AccentedEnding,BasePlusVariants,333430634,24,24,96,0.25,93.875,114,1,False,False,0.333333,111.375,114,MidDip,BackLoaded,Fill,0.45,0.7,False,False,Fill,"Sparse, HighEnergy, BackLoaded, PredictableProfile",0.25,0.739173,-0.375,0.125,-0.125,3.625,3.25,3.875
Base_H24_AnchorLed_Flat,AnchorLed,Flat,Base,,BasePlusVariants,,24,24,96,0.25,86,100,2,True,False,0.25,86.66666,100,MidDip,BackLoaded,Fill,0.45,0.65,False,False,Fill,"Sparse, MediumEnergy, MeaningfulAnchors, BackLoaded, PredictableProfile",0.25,0.677165,2.625,3.125,-2.125,4.125,0.75,3.875
Variant_H24_AnchorLed_Flat,AnchorLed,Flat,Variant,Base_H24_AnchorLed_Flat,BasePlusVariants,1155302,24,24,96,0.25,86.75,104,2,True,False,0.25,87.33334,103,MidDip,MidDip,Intensify,0.395,0.5,False,False,Intensify,"Sparse, MediumEnergy, MeaningfulAnchors, BalancedProfile",0.25,0.683071,3.75,3.875,-2.5,4.125,-0.25,3.125
Base_H24_AnchorLed_Increasing,AnchorLed,Increasing,Base,,BasePlusVariants,,24,24,96,0.25,90.375,124,2,True,False,0.25,109.6667,124,MidDip,Increasing,Fill,0.45,0.65,False,False,Fill,"Sparse, HighEnergy, MeaningfulAnchors, BackLoaded, PredictableProfile",0.25,0.711614,0.625,1.625,-0.125,3.125,1.75,3.875
Variant_H24_AnchorLed_Increasing,AnchorLed,Increasing,Variant,Base_H24_AnchorLed_Increasing,BasePlusVariants,1720584554,24,24,96,0.25,90.25,123,2,True,False,0.25,108.6667,123,MidDip,Increasing,Fill,0.45,0.65,False,False,Fill,"Sparse, HighEnergy, MeaningfulAnchors, BackLoaded, PredictableProfile",0.25,0.71063,0.625,1.625,-0.125,3.125,1.75,3.875
Base_H24_AnchorLed_AccentedEnding,AnchorLed,AccentedEnding,Base,,BasePlusVariants,,24,24,96,0.25,92.5,126,2,True,False,0.25,112.6667,126,MidDip,BackLoaded,Fill,0.45,0.65,False,False,Fill,"Sparse, HighEnergy, MeaningfulAnchors, BackLoaded, PredictableProfile",0.25,0.728347,0.625,1.625,-0.125,3.125,1.75,3.875
Variant_H24_AnchorLed_AccentedEnding,AnchorLed,AccentedEnding,Variant,Base_H24_AnchorLed_AccentedEnding,BasePlusVariants,1021459145,24,24,96,0.25,91.95834,124,2,True,False,0.25,111.8333,124,MidDip,BackLoaded,Fill,0.45,0.65,False,False,Fill,"Sparse, HighEnergy, MeaningfulAnchors, BackLoaded, PredictableProfile",0.25,0.724081,0.625,1.625,-0.125,3.125,1.75,3.875
Base_H28_Even_Flat,Even,Flat,Base,,BasePlusVariants,,28,28,96,0.291667,84,84,2,True,False,0.291667,84,84,Flat,Flat,Intensify,0.436667,0.5,False,False,Intensify,"Sparse, MediumEnergy, MeaningfulAnchors, BalancedProfile",0.291667,0.661417,3.75,3.875,-2.5,4.125,-0.25,3.125
Variant_H28_Even_Flat,Even,Flat,Variant,Base_H28_Even_Flat,BasePlusVariants,1012738696,28,28,96,0.291667,84.46429,88,2,True,False,0.291667,86.14286,88,Flat,BackLoaded,Fill,0.491667,0.65,False,False,Fill,"Sparse, MediumEnergy, MeaningfulAnchors, BackLoaded, PredictableProfile",0.291667,0.665073,2.625,3.125,-2.125,4.125,0.75,3.875
Base_H28_Even_Increasing,Even,Increasing,Base,,BasePlusVariants,,28,28,96,0.291667,89,108,4,True,True,0.291667,103.7143,108,Flat,Increasing,Intensify,0.424167,0.5,False,False,Intensify,"Sparse, HighEnergy, MeaningfulAnchors, StrongEnding, BackLoaded, PredictableProfile",0.291667,0.700787,1.875,1,-0.125,2.5,1.75,2
Variant_H28_Even_Increasing,Even,Increasing,Variant,Base_H28_Even_Increasing,BasePlusVariants,383755720,28,28,96,0.291667,88.82143,110,4,True,True,0.291667,102.8571,110,Flat,Increasing,Mirror,0.304167,0.225,True,True,Mirror,"Sparse, MediumEnergy, MeaningfulAnchors, StrongEnding, BackLoaded, PredictableProfile",0.291667,0.699381,3.875,2.5,-2.125,3.5,0.75,2
Base_H28_Even_AccentedEnding,Even,AccentedEnding,Base,,BasePlusVariants,,28,28,96,0.291667,90.5,110,3,True,True,0.291667,110,110,Flat,Increasing,Intensify,0.424167,0.5,False,False,Intensify,"Sparse, HighEnergy, MeaningfulAnchors, StrongEnding, BackLoaded, PredictableProfile",0.291667,0.712598,1.875,1,-0.125,2.5,1.75,2
Variant_H28_Even_AccentedEnding,Even,AccentedEnding,Variant,Base_H28_Even_AccentedEnding,BasePlusVariants,1401907927,28,28,96,0.291667,90.53571,112,4,True,True,0.291667,110,112,BackLoaded,BackLoaded,Intensify,0.424167,0.5,False,False,Intensify,"Sparse, HighEnergy, MeaningfulAnchors, StrongEnding, BackLoaded, PredictableProfile",0.291667,0.71288,1.875,1,-0.125,2.5,1.75,2
Base_H28_FrontLoaded_Flat,FrontLoaded,Flat,Base,,BasePlusVariants,,28,28,96,0.291667,84,84,2,True,False,0.208333,84,84,FrontLoaded,Flat,Intensify,0.436667,0.5,False,False,Intensify,"Sparse, MediumEnergy, MeaningfulAnchors, FrontLoaded, PredictableProfile",0.291667,0.661417,2.625,3.125,-2.125,4.125,0.75,3.125
Variant_H28_FrontLoaded_Flat,FrontLoaded,Flat,Variant,Base_H28_FrontLoaded_Flat,BasePlusVariants,821224614,28,28,96,0.291667,84.03571,88,2,True,False,0.208333,83,86,FrontLoaded,FrontLoaded,Intensify,0.436667,0.5,False,False,Intensify,"Sparse, MediumEnergy, MeaningfulAnchors, FrontLoaded, PredictableProfile",0.291667,0.661699,2.625,3.125,-2.125,4.125,0.75,3.125
Base_H28_FrontLoaded_Increasing,FrontLoaded,Increasing,Base,,BasePlusVariants,,28,28,96,0.291667,85.60714,108,5,True,True,0.208333,103.4,108,FrontLoaded,Increasing,Mirror,0.304167,0.225,True,True,Mirror,"Sparse, MediumEnergy, MeaningfulAnchors, StrongEnding, BackLoaded, PredictableProfile",0.291667,0.674072,3.875,2.5,-2.125,3.5,0.75,2
Variant_H28_FrontLoaded_Increasing,FrontLoaded,Increasing,Variant,Base_H28_FrontLoaded_Increasing,BasePlusVariants,1143155498,28,28,96,0.291667,86.35714,110,6,True,True,0.208333,104,110,FrontLoaded,Increasing,Mirror,0.304167,0.225,True,True,Mirror,"Sparse, MediumEnergy, MeaningfulAnchors, StrongEnding, BackLoaded, PredictableProfile",0.291667,0.679978,3.875,2.5,-2.125,3.5,0.75,2
Base_H28_FrontLoaded_AccentedEnding,FrontLoaded,AccentedEnding,Base,,BasePlusVariants,,28,28,96,0.291667,88.64286,110,4,True,True,0.208333,110,110,FrontLoaded,Increasing,Mirror,0.304167,0.225,True,True,Mirror,"Sparse, MediumEnergy, MeaningfulAnchors, StrongEnding, BackLoaded, PredictableProfile",0.291667,0.697975,3.875,2.5,-2.125,3.5,0.75,2
Variant_H28_FrontLoaded_AccentedEnding,FrontLoaded,AccentedEnding,Variant,Base_H28_FrontLoaded_AccentedEnding,BasePlusVariants,1711331465,28,28,96,0.291667,88.85714,114,3,False,True,0.208333,112,114,FrontLoaded,BackLoaded,Intensify,0.424167,0.55,False,False,Intensify,"Sparse, MediumEnergy, StrongEnding, BackLoaded, PredictableProfile",0.291667,0.699663,2.875,1,-2.125,4,2.25,2
Base_H28_BackLoaded_Flat,BackLoaded,Flat,Base,,BasePlusVariants,,28,28,96,0.291667,84,84,2,True,False,0.416667,84,84,Increasing,Flat,Fill,0.491667,0.65,False,False,Fill,"Sparse, MediumEnergy, MeaningfulAnchors, BackLoaded, PredictableProfile",0.291667,0.661417,2.625,3.125,-2.125,4.125,0.75,3.875
Variant_H28_BackLoaded_Flat,BackLoaded,Flat,Variant,Base_H28_BackLoaded_Flat,BasePlusVariants,1583364138,28,28,96,0.291667,83.71429,88,2,True,False,0.375,84,88,BackLoaded,MidDip,Fill,0.491667,0.65,False,False,Fill,"Sparse, MediumEnergy, MeaningfulAnchors, BackLoaded, PredictableProfile",0.291667,0.659168,2.625,3.125,-2.125,4.125,0.75,3.875
Base_H28_BackLoaded_Increasing,BackLoaded,Increasing,Base,,BasePlusVariants,,28,28,96,0.291667,92.46429,108,4,True,True,0.416667,103.5,108,Increasing,Increasing,Intensify,0.424167,0.5,False,False,Intensify,"Sparse, HighEnergy, MeaningfulAnchors, StrongEnding, BackLoaded, PredictableProfile",0.291667,0.728065,1.875,1,-0.125,2.5,1.75,2
Variant_H28_BackLoaded_Increasing,BackLoaded,Increasing,Variant,Base_H28_BackLoaded_Increasing,BasePlusVariants,1127009686,28,28,96,0.291667,92.35714,110,3,False,True,0.416667,103,110,Increasing,Increasing,Contrast,0.304167,0.7,False,False,Contrast,"Sparse, HighEnergy, StrongEnding, BackLoaded, PredictableProfile",0.291667,0.727222,0.875,-0.5,-0.125,3,3.25,2
Base_H28_BackLoaded_AccentedEnding,BackLoaded,AccentedEnding,Base,,BasePlusVariants,,28,28,96,0.291667,93.28571,110,5,True,True,0.416667,110,110,Increasing,Increasing,Intensify,0.424167,0.5,False,False,Intensify,"Sparse, HighEnergy, MeaningfulAnchors, StrongEnding, BackLoaded, PredictableProfile",0.291667,0.734533,1.875,1,-0.125,2.5,1.75,2
Variant_H28_BackLoaded_AccentedEnding,BackLoaded,AccentedEnding,Variant,Base_H28_BackLoaded_AccentedEnding,BasePlusVariants,1153177493,28,28,96,0.291667,92.89286,112,5,True,True,0.416667,108.7,112,Increasing,BackLoaded,Intensify,0.424167,0.5,False,False,Intensify,"Sparse, HighEnergy, MeaningfulAnchors, StrongEnding, BackLoaded, PredictableProfile",0.291667,0.73144,1.875,1,-0.125,2.5,1.75,2
Base_H28_Clustered_Flat,Clustered,Flat,Base,,BasePlusVariants,,28,28,96,0.291667,84,84,0,False,False,0.291667,84,84,Flat,Flat,Intensify,0.436667,0.55,False,False,Intensify,"Sparse, MediumEnergy, BalancedProfile",0.291667,0.661417,2.75,2.375,-2.5,4.625,-0.25,3.125
Variant_H28_Clustered_Flat,Clustered,Flat,Variant,Base_H28_Clustered_Flat,BasePlusVariants,1122790853,28,28,96,0.291667,83.28571,88,0,False,False,0.291667,83.85714,87,Flat,BackLoaded,Intensify,0.436667,0.55,False,False,Intensify,"Sparse, MediumEnergy, BackLoaded, PredictableProfile",0.291667,0.655793,1.625,1.625,-2.125,4.625,2.25,3.875
Base_H28_Clustered_Increasing,Clustered,Increasing,Base,,BasePlusVariants,,28,28,96,0.291667,89.21429,106,0,False,False,0.291667,104.4286,106,Flat,Increasing,Fill,0.491667,0.7,False,False,Fill,"Sparse, HighEnergy, BackLoaded, PredictableProfile",0.291667,0.702475,-0.375,0.125,-0.125,3.625,3.25,3.875
Variant_H28_Clustered_Increasing,Clustered,Increasing,Variant,Base_H28_Clustered_Increasing,BasePlusVariants,1446360245,28,28,96,0.291667,89.60714,108,0,False,False,0.291667,104.2857,108,Flat,Increasing,Fill,0.491667,0.7,False,False,Fill,"Sparse, HighEnergy, BackLoaded, PredictableProfile",0.291667,0.705568,-0.375,0.125,-0.125,3.625,3.25,3.875
Base_H28_Clustered_AccentedEnding,Clustered,AccentedEnding,Base,,BasePlusVariants,,28,28,96,0.291667,90.5,110,1,False,False,0.291667,110,110,Flat,Increasing,Fill,0.491667,0.7,False,False,Fill,"Sparse, HighEnergy, BackLoaded, PredictableProfile",0.291667,0.712598,-0.375,0.125,-0.125,3.625,3.25,3.875
Variant_H28_Clustered_AccentedEnding,Clustered,AccentedEnding,Variant,Base_H28_Clustered_AccentedEnding,BasePlusVariants,113878486,28,28,96,0.291667,90.42857,114,1,False,False,0.291667,110,114,Flat,BackLoaded,Fill,0.491667,0.7,False,False,Fill,"Sparse, HighEnergy, BackLoaded, PredictableProfile",0.291667,0.712036,-0.375,0.125,-0.125,3.625,3.25,3.875
Base_H28_AnchorLed_Flat,AnchorLed,Flat,Base,,BasePlusVariants,,28,28,96,0.291667,85.71429,100,2,True,False,0.291667,86.28571,100,MidDip,BackLoaded,Fill,0.491667,0.65,False,False,Fill,"Sparse, MediumEnergy, MeaningfulAnchors, BackLoaded, PredictableProfile",0.291667,0.674916,2.625,3.125,-2.125,4.125,0.75,3.875
Variant_H28_AnchorLed_Flat,AnchorLed,Flat,Variant,Base_H28_AnchorLed_Flat,BasePlusVariants,401931474,28,28,96,0.291667,85.89286,104,2,True,False,0.291667,85.42857,99,MidDip,MidPeak,Intensify,0.436667,0.5,False,False,Intensify,"Sparse, MediumEnergy, MeaningfulAnchors, BalancedProfile",0.291667,0.676322,3.75,3.875,-2.5,4.125,-0.25,3.125
Base_H28_AnchorLed_Increasing,AnchorLed,Increasing,Base,,BasePlusVariants,,28,28,96,0.291667,90.25,124,2,True,False,0.291667,109.1429,124,MidDip,Increasing,Fill,0.491667,0.65,False,False,Fill,"Sparse, HighEnergy, MeaningfulAnchors, BackLoaded, PredictableProfile",0.291667,0.71063,0.625,1.625,-0.125,3.125,1.75,3.875
Variant_H28_AnchorLed_Increasing,AnchorLed,Increasing,Variant,Base_H28_AnchorLed_Increasing,BasePlusVariants,505532814,28,28,96,0.291667,90.75,126,3,True,True,0.291667,109.5714,126,MidDip,Increasing,Intensify,0.424167,0.5,False,False,Intensify,"Sparse, HighEnergy, MeaningfulAnchors, StrongEnding, BackLoaded, PredictableProfile",0.291667,0.714567,1.875,1,-0.125,2.5,1.75,2
Base_H28_AnchorLed_AccentedEnding,AnchorLed,AccentedEnding,Base,,BasePlusVariants,,28,28,96,0.291667,92.21429,126,2,True,False,0.291667,112.2857,126,MidDip,BackLoaded,Fill,0.491667,0.65,False,False,Fill,"Sparse, HighEnergy, MeaningfulAnchors, BackLoaded, PredictableProfile",0.291667,0.726097,0.625,1.625,-0.125,3.125,1.75,3.875
Variant_H28_AnchorLed_AccentedEnding,AnchorLed,AccentedEnding,Variant,Base_H28_AnchorLed_AccentedEnding,BasePlusVariants,1632010093,28,28,96,0.291667,92.60714,124,2,True,False,0.291667,113.2857,124,MidDip,BackLoaded,Fill,0.491667,0.65,False,False,Fill,"Sparse, HighEnergy, MeaningfulAnchors, BackLoaded, PredictableProfile",0.291667,0.72919,0.625,1.625,-0.125,3.125,1.75,3.875
Base_H32_Even_Flat,Even,Flat,Base,,BasePlusVariants,,32,32,96,0.333333,84,84,1,True,False,0.333333,84,84,Flat,Flat,Intensify,0.478333,0.5,False,False,Intensify,"Sparse, MediumEnergy, MeaningfulAnchors, BalancedProfile",0.333333,0.661417,3.75,3.875,-2.5,4.125,-0.25,3.125
Variant_H32_Even_Flat,Even,Flat,Variant,Base_H32_Even_Flat,BasePlusVariants,1680710259,32,32,96,0.333333,84.5625,88,2,True,False,0.333333,84.875,87,Flat,BackLoaded,Fill,0.533333,0.65,False,False,Fill,"Sparse, MediumEnergy, MeaningfulAnchors, BackLoaded, PredictableProfile",0.333333,0.665847,2.625,3.125,-2.125,4.125,0.75,3.875
Base_H32_Even_Increasing,Even,Increasing,Base,,BasePlusVariants,,32,32,96,0.333333,89,108,2,True,True,0.333333,103.875,108,Flat,Increasing,Intensify,0.465833,0.5,False,False,Intensify,"Sparse, HighEnergy, MeaningfulAnchors, StrongEnding, BackLoaded, PredictableProfile",0.333333,0.700787,1.875,1,-0.125,2.5,1.75,2
Variant_H32_Even_Increasing,Even,Increasing,Variant,Base_H32_Even_Increasing,BasePlusVariants,222023855,32,32,96,0.333333,88.59375,109,1,False,False,0.333333,103.625,109,Flat,Increasing,Intensify,0.478333,0.55,False,False,Intensify,"Sparse, MediumEnergy, BackLoaded, PredictableProfile",0.333333,0.697589,1.625,1.625,-2.125,4.625,2.25,3.875
Base_H32_Even_AccentedEnding,Even,AccentedEnding,Base,,BasePlusVariants,,32,32,96,0.333333,90.5,110,2,True,True,0.333333,110,110,Flat,Increasing,Intensify,0.465833,0.5,False,False,Intensify,"Sparse, HighEnergy, MeaningfulAnchors, StrongEnding, BackLoaded, PredictableProfile",0.333333,0.712598,1.875,1,-0.125,2.5,1.75,2
Variant_H32_Even_AccentedEnding,Even,AccentedEnding,Variant,Base_H32_Even_AccentedEnding,BasePlusVariants,1664596200,32,32,96,0.333333,91.125,114,2,True,True,0.333333,109.25,114,Flat,BackLoaded,Intensify,0.465833,0.5,False,False,Intensify,"Sparse, HighEnergy, MeaningfulAnchors, StrongEnding, BackLoaded, PredictableProfile",0.333333,0.71752,1.875,1,-0.125,2.5,1.75,2
Base_H32_FrontLoaded_Flat,FrontLoaded,Flat,Base,,BasePlusVariants,,32,32,96,0.333333,84,84,2,True,False,0.208333,84,84,Decreasing,Flat,Intensify,0.478333,0.5,False,False,Intensify,"Sparse, MediumEnergy, MeaningfulAnchors, FrontLoaded, PredictableProfile",0.333333,0.661417,2.625,3.125,-2.125,4.125,0.75,3.125
Variant_H32_FrontLoaded_Flat,FrontLoaded,Flat,Variant,Base_H32_FrontLoaded_Flat,BasePlusVariants,916576535,32,32,96,0.333333,83.9375,88,1,False,False,0.208333,84,86,Decreasing,MidDip,Intensify,0.478333,0.55,False,False,Intensify,"Sparse, MediumEnergy, FrontLoaded, PredictableProfile",0.333333,0.660925,1.625,1.625,-2.125,4.625,2.25,3.125
Base_H32_FrontLoaded_Increasing,FrontLoaded,Increasing,Base,,BasePlusVariants,,32,32,96,0.333333,85.4375,108,4,True,True,0.208333,104,108,Decreasing,Increasing,Intensify,0.465833,0.55,False,False,Intensify,"Sparse, MediumEnergy, StrongEnding, BackLoaded, PredictableProfile",0.333333,0.672736,2.875,1,-2.125,4,2.25,2
Variant_H32_FrontLoaded_Increasing,FrontLoaded,Increasing,Variant,Base_H32_FrontLoaded_Increasing,BasePlusVariants,1520584283,32,32,96,0.333333,85.09375,107,4,True,True,0.208333,104.6,107,Decreasing,Increasing,Intensify,0.465833,0.55,False,False,Intensify,"Sparse, MediumEnergy, StrongEnding, BackLoaded, PredictableProfile",0.333333,0.67003,2.875,1,-2.125,4,2.25,2
Base_H32_FrontLoaded_AccentedEnding,FrontLoaded,AccentedEnding,Base,,BasePlusVariants,,32,32,96,0.333333,88.0625,110,4,True,True,0.208333,110,110,Decreasing,Increasing,Mirror,0.345833,0.225,True,True,Mirror,"Sparse, MediumEnergy, MeaningfulAnchors, StrongEnding, BackLoaded, PredictableProfile",0.333333,0.693406,3.875,2.5,-2.125,3.5,0.75,2
Variant_H32_FrontLoaded_AccentedEnding,FrontLoaded,AccentedEnding,Variant,Base_H32_FrontLoaded_AccentedEnding,BasePlusVariants,1917277220,32,32,96,0.333333,87.15625,113,3,True,True,0.208333,108.8,113,Decreasing,BackLoaded,Mirror,0.345833,0.225,True,True,Mirror,"Sparse, MediumEnergy, MeaningfulAnchors, StrongEnding, BackLoaded, PredictableProfile",0.333333,0.68627,3.875,2.5,-2.125,3.5,0.75,2
Base_H32_BackLoaded_Flat,BackLoaded,Flat,Base,,BasePlusVariants,,32,32,96,0.333333,84,84,2,True,False,0.458333,84,84,Increasing,Flat,Fill,0.533333,0.65,False,False,Fill,"Sparse, MediumEnergy, MeaningfulAnchors, BackLoaded, PredictableProfile",0.333333,0.661417,2.625,3.125,-2.125,4.125,0.75,3.875
Variant_H32_BackLoaded_Flat,BackLoaded,Flat,Variant,Base_H32_BackLoaded_Flat,BasePlusVariants,1661885577,32,32,96,0.333333,84.0625,88,1,False,False,0.458333,84.36364,88,Increasing,FrontLoaded,Intensify,0.478333,0.55,False,False,Intensify,"Sparse, MediumEnergy, BackLoaded, PredictableProfile",0.333333,0.66191,1.625,1.625,-2.125,4.625,2.25,3.875
Base_H32_BackLoaded_Increasing,BackLoaded,Increasing,Base,,BasePlusVariants,,32,32,96,0.333333,92.5625,108,3,True,False,0.458333,103.5455,108,Increasing,Increasing,Fill,0.533333,0.65,False,False,Fill,"Sparse, HighEnergy, MeaningfulAnchors, BackLoaded, PredictableProfile",0.333333,0.728839,0.625,1.625,-0.125,3.125,1.75,3.875
Variant_H32_BackLoaded_Increasing,BackLoaded,Increasing,Variant,Base_H32_BackLoaded_Increasing,BasePlusVariants,652942657,32,32,96,0.333333,92.625,109,3,True,False,0.458333,103.5455,109,Increasing,Increasing,Fill,0.533333,0.65,False,False,Fill,"Sparse, HighEnergy, MeaningfulAnchors, BackLoaded, PredictableProfile",0.333333,0.729331,0.625,1.625,-0.125,3.125,1.75,3.875
Base_H32_BackLoaded_AccentedEnding,BackLoaded,AccentedEnding,Base,,BasePlusVariants,,32,32,96,0.333333,92.9375,110,3,True,False,0.458333,110,110,Increasing,Increasing,Fill,0.533333,0.65,False,False,Fill,"Sparse, HighEnergy, MeaningfulAnchors, BackLoaded, PredictableProfile",0.333333,0.731791,0.625,1.625,-0.125,3.125,1.75,3.875
Variant_H32_BackLoaded_AccentedEnding,BackLoaded,AccentedEnding,Variant,Base_H32_BackLoaded_AccentedEnding,BasePlusVariants,434107058,32,32,96,0.333333,93.03125,114,3,True,False,0.458333,111.6364,114,Increasing,BackLoaded,Fill,0.533333,0.65,False,False,Fill,"Sparse, HighEnergy, MeaningfulAnchors, BackLoaded, PredictableProfile",0.333333,0.73253,0.625,1.625,-0.125,3.125,1.75,3.875
Base_H32_Clustered_Flat,Clustered,Flat,Base,,BasePlusVariants,,32,32,96,0.333333,84,84,0,False,False,0.333333,84,84,Flat,Flat,Intensify,0.478333,0.55,False,False,Intensify,"Sparse, MediumEnergy, BalancedProfile",0.333333,0.661417,2.75,2.375,-2.5,4.625,-0.25,3.125
Variant_H32_Clustered_Flat,Clustered,Flat,Variant,Base_H32_Clustered_Flat,BasePlusVariants,513826468,32,32,96,0.333333,83.0625,88,0,False,False,0.333333,82,85,Flat,MidPeak,Intensify,0.478333,0.55,False,False,Intensify,"Sparse, MediumEnergy, BalancedProfile",0.333333,0.654035,2.75,2.375,-2.5,4.625,-0.25,3.125
Base_H32_Clustered_Increasing,Clustered,Increasing,Base,,BasePlusVariants,,32,32,96,0.333333,89,106,0,False,False,0.333333,104.25,106,Flat,Increasing,Fill,0.533333,0.7,False,False,Fill,"Sparse, HighEnergy, BackLoaded, PredictableProfile",0.333333,0.700787,-0.375,0.125,-0.125,3.625,3.25,3.875
Variant_H32_Clustered_Increasing,Clustered,Increasing,Variant,Base_H32_Clustered_Increasing,BasePlusVariants,615074732,32,32,96,0.333333,88.625,107,0,False,False,0.333333,103.875,107,Flat,Increasing,Intensify,0.478333,0.55,False,False,Intensify,"Sparse, MediumEnergy, BackLoaded, PredictableProfile",0.333333,0.697835,1.625,1.625,-2.125,4.625,2.25,3.875
Base_H32_Clustered_AccentedEnding,Clustered,AccentedEnding,Base,,BasePlusVariants,,32,32,96,0.333333,90.5,110,0,False,False,0.333333,110,110,Flat,Increasing,Fill,0.533333,0.7,False,False,Fill,"Sparse, HighEnergy, BackLoaded, PredictableProfile",0.333333,0.712598,-0.375,0.125,-0.125,3.625,3.25,3.875
Variant_H32_Clustered_AccentedEnding,Clustered,AccentedEnding,Variant,Base_H32_Clustered_AccentedEnding,BasePlusVariants,1825225387,32,32,96,0.333333,90.40625,114,1,False,True,0.333333,110.5,114,Flat,BackLoaded,Contrast,0.345833,0.7,False,False,Contrast,"Sparse, HighEnergy, StrongEnding, BackLoaded, PredictableProfile",0.333333,0.71186,0.875,-0.5,-0.125,3,3.25,2
Base_H32_AnchorLed_Flat,AnchorLed,Flat,Base,,BasePlusVariants,,32,32,96,0.333333,85.5,100,2,True,False,0.333333,86,100,MidDip,BackLoaded,Fill,0.533333,0.65,False,False,Fill,"Sparse, MediumEnergy, MeaningfulAnchors, BackLoaded, PredictableProfile",0.333333,0.673228,2.625,3.125,-2.125,4.125,0.75,3.875
Variant_H32_AnchorLed_Flat,AnchorLed,Flat,Variant,Base_H32_AnchorLed_Flat,BasePlusVariants,1692792143,32,32,96,0.333333,85.71875,101,2,True,False,0.333333,86.375,101,MidDip,MidDip,Intensify,0.478333,0.5,False,False,Intensify,"Sparse, MediumEnergy, MeaningfulAnchors, BalancedProfile",0.333333,0.674951,3.75,3.875,-2.5,4.125,-0.25,3.125
Base_H32_AnchorLed_Increasing,AnchorLed,Increasing,Base,,BasePlusVariants,,32,32,96,0.333333,90.09375,124,2,True,False,0.333333,108.625,124,MidDip,Increasing,Fill,0.533333,0.65,False,False,Fill,"Sparse, HighEnergy, MeaningfulAnchors, BackLoaded, PredictableProfile",0.333333,0.7094,0.625,1.625,-0.125,3.125,1.75,3.875
Variant_H32_AnchorLed_Increasing,AnchorLed,Increasing,Variant,Base_H32_AnchorLed_Increasing,BasePlusVariants,1624314531,32,32,96,0.333333,90.03125,121,2,True,False,0.333333,107.75,121,MidDip,Increasing,Fill,0.533333,0.65,False,False,Fill,"Sparse, HighEnergy, MeaningfulAnchors, BackLoaded, PredictableProfile",0.333333,0.708908,0.625,1.625,-0.125,3.125,1.75,3.875
Base_H32_AnchorLed_AccentedEnding,AnchorLed,AccentedEnding,Base,,BasePlusVariants,,32,32,96,0.333333,92,126,2,True,False,0.333333,112,126,MidDip,BackLoaded,Fill,0.533333,0.65,False,False,Fill,"Sparse, HighEnergy, MeaningfulAnchors, BackLoaded, PredictableProfile",0.333333,0.72441,0.625,1.625,-0.125,3.125,1.75,3.875
Variant_H32_AnchorLed_AccentedEnding,AnchorLed,AccentedEnding,Variant,Base_H32_AnchorLed_AccentedEnding,BasePlusVariants,1275813548,32,32,96,0.333333,92,125,1,True,False,0.333333,111.625,125,MidDip,Increasing,Fill,0.533333,0.65,False,False,Fill,"Sparse, HighEnergy, MeaningfulAnchors, BackLoaded, PredictableProfile",0.333333,0.72441,0.625,1.625,-0.125,3.125,1.75,3.875
Base_H36_Even_Flat,Even,Flat,Base,,BasePlusVariants,,36,36,96,0.375,84,84,2,True,False,0.375,84,84,Flat,Flat,Complement,0.325,0.75,True,False,Complement,"BalancedDensity, MediumEnergy, MeaningfulAnchors, ConversationalSpace, BalancedProfile",0.375,0.661417,6.25,6.75,0,1.625,-0.25,0.625
Variant_H36_Even_Flat,Even,Flat,Variant,Base_H36_Even_Flat,BasePlusVariants,1635330351,36,36,96,0.375,84.22222,88,2,True,False,0.375,83.55556,87,Flat,FrontLoaded,Complement,0.325,0.75,True,False,Complement,"BalancedDensity, MediumEnergy, MeaningfulAnchors, ConversationalSpace, FrontLoaded, PredictableProfile",0.375,0.663167,5.125,6,0.375,1.625,1.375,0.625
Base_H36_Even_Increasing,Even,Increasing,Base,,BasePlusVariants,,36,36,96,0.375,89,108,4,True,True,0.375,103.6667,108,Flat,Increasing,Mirror,0.375,0.25,True,True,Mirror,"BalancedDensity, HighEnergy, MeaningfulAnchors, StrongEnding, ConversationalSpace, BackLoaded, PredictableProfile",0.375,0.700787,4.375,3.875,2.375,0,2.375,-0.5
Variant_H36_Even_Increasing,Even,Increasing,Variant,Base_H36_Even_Increasing,BasePlusVariants,2120246915,36,36,96,0.375,89.11111,110,4,True,True,0.375,104.2222,110,Flat,Increasing,Mirror,0.375,0.25,True,True,Mirror,"BalancedDensity, HighEnergy, MeaningfulAnchors, StrongEnding, ConversationalSpace, BackLoaded, PredictableProfile",0.375,0.701662,4.375,3.875,2.375,0,2.375,-0.5
Base_H36_Even_AccentedEnding,Even,AccentedEnding,Base,,BasePlusVariants,,36,36,96,0.375,90.5,110,4,True,True,0.375,110,110,Flat,Increasing,Mirror,0.375,0.25,True,True,Mirror,"BalancedDensity, HighEnergy, MeaningfulAnchors, StrongEnding, ConversationalSpace, BackLoaded, PredictableProfile",0.375,0.712598,4.375,3.875,2.375,0,2.375,-0.5
Variant_H36_Even_AccentedEnding,Even,AccentedEnding,Variant,Base_H36_Even_AccentedEnding,BasePlusVariants,1409178316,36,36,96,0.375,89.86111,114,4,True,True,0.375,109.7778,114,Flat,BackLoaded,Mirror,0.375,0.25,True,True,Mirror,"BalancedDensity, HighEnergy, MeaningfulAnchors, StrongEnding, ConversationalSpace, BackLoaded, PredictableProfile",0.375,0.707568,4.375,3.875,2.375,0,2.375,-0.5
Base_H36_FrontLoaded_Flat,FrontLoaded,Flat,Base,,BasePlusVariants,,36,36,96,0.375,84,84,2,True,False,0.25,84,84,Decreasing,Flat,Complement,0.325,0.75,True,False,Complement,"BalancedDensity, MediumEnergy, MeaningfulAnchors, ConversationalSpace, FrontLoaded, PredictableProfile",0.375,0.661417,5.125,6,0.375,1.625,1.375,0.625
Variant_H36_FrontLoaded_Flat,FrontLoaded,Flat,Variant,Base_H36_FrontLoaded_Flat,BasePlusVariants,124175987,36,36,96,0.375,84.47222,88,2,True,False,0.25,84,87,Decreasing,FrontLoaded,Complement,0.325,0.75,True,False,Complement,"BalancedDensity, MediumEnergy, MeaningfulAnchors, ConversationalSpace, FrontLoaded, PredictableProfile",0.375,0.665136,5.125,6,0.375,1.625,1.375,0.625
Base_H36_FrontLoaded_Increasing,FrontLoaded,Increasing,Base,,BasePlusVariants,,36,36,96,0.375,85.80556,108,3,True,True,0.25,103.6667,108,Decreasing,Increasing,Mirror,0.375,0.3,False,True,Mirror,"BalancedDensity, MediumEnergy, StrongEnding, ConversationalSpace, BackLoaded, PredictableProfile",0.375,0.675634,5.375,3.875,0.375,1.5,2.875,-0.5
Variant_H36_FrontLoaded_Increasing,FrontLoaded,Increasing,Variant,Base_H36_FrontLoaded_Increasing,BasePlusVariants,357276847,36,36,96,0.375,85.27778,105,2,True,False,0.25,102,105,Decreasing,Increasing,Complement,0.325,0.8,False,False,Complement,"BalancedDensity, MediumEnergy, ConversationalSpace, BackLoaded, PredictableProfile",0.375,0.671479,4.125,4.5,0.375,2.125,2.875,1.375
Base_H36_FrontLoaded_AccentedEnding,FrontLoaded,AccentedEnding,Base,,BasePlusVariants,,36,36,96,0.375,88.33334,110,3,True,True,0.25,110,110,Decreasing,Increasing,Mirror,0.375,0.25,True,True,Mirror,"BalancedDensity, MediumEnergy, MeaningfulAnchors, StrongEnding, ConversationalSpace, BackLoaded, PredictableProfile",0.375,0.695538,6.375,5.375,0.375,1,1.375,-0.5
Variant_H36_FrontLoaded_AccentedEnding,FrontLoaded,AccentedEnding,Variant,Base_H36_FrontLoaded_AccentedEnding,BasePlusVariants,1601717480,36,36,96,0.375,88.80556,110,3,True,True,0.25,108.1667,110,Decreasing,BackLoaded,Mirror,0.375,0.25,True,True,Mirror,"BalancedDensity, MediumEnergy, MeaningfulAnchors, StrongEnding, ConversationalSpace, BackLoaded, PredictableProfile",0.375,0.699256,6.375,5.375,0.375,1,1.375,-0.5
Base_H36_BackLoaded_Flat,BackLoaded,Flat,Base,,BasePlusVariants,,36,36,96,0.375,84,84,2,True,False,0.5,84,84,Increasing,Flat,Mirror,0.375,0.25,True,True,Mirror,"BalancedDensity, MediumEnergy, MeaningfulAnchors, StrongEnding, ConversationalSpace, BackLoaded, PredictableProfile",0.375,0.661417,6.375,5.375,0.375,1,1.375,-0.5
Variant_H36_BackLoaded_Flat,BackLoaded,Flat,Variant,Base_H36_BackLoaded_Flat,BasePlusVariants,1385701149,36,36,96,0.375,84.02778,88,2,True,False,0.5,84,87,Increasing,BackLoaded,Mirror,0.375,0.25,True,True,Mirror,"BalancedDensity, MediumEnergy, MeaningfulAnchors, StrongEnding, ConversationalSpace, BackLoaded, PredictableProfile",0.375,0.661636,6.375,5.375,0.375,1,1.375,-0.5
Base_H36_BackLoaded_Increasing,BackLoaded,Increasing,Base,,BasePlusVariants,,36,36,96,0.375,92.19444,108,2,True,False,0.5,103.5833,108,Increasing,Increasing,Mirror,0.375,0.25,True,True,Mirror,"BalancedDensity, HighEnergy, MeaningfulAnchors, StrongEnding, ConversationalSpace, BackLoaded, PredictableProfile",0.375,0.725941,4.375,3.875,2.375,0,2.375,-0.5
Variant_H36_BackLoaded_Increasing,BackLoaded,Increasing,Variant,Base_H36_BackLoaded_Increasing,BasePlusVariants,1056373245,36,36,96,0.375,92.52778,109,2,True,False,0.5,103.9167,109,Increasing,Increasing,Mirror,0.375,0.25,True,True,Mirror,"BalancedDensity, HighEnergy, MeaningfulAnchors, StrongEnding, ConversationalSpace, BackLoaded, PredictableProfile",0.375,0.728565,4.375,3.875,2.375,0,2.375,-0.5
Base_H36_BackLoaded_AccentedEnding,BackLoaded,AccentedEnding,Base,,BasePlusVariants,,36,36,96,0.375,92.66666,110,2,True,False,0.5,110,110,Increasing,Increasing,Mirror,0.375,0.25,True,True,Mirror,"BalancedDensity, HighEnergy, MeaningfulAnchors, StrongEnding, ConversationalSpace, BackLoaded, PredictableProfile",0.375,0.729659,4.375,3.875,2.375,0,2.375,-0.5
Variant_H36_BackLoaded_AccentedEnding,BackLoaded,AccentedEnding,Variant,Base_H36_BackLoaded_AccentedEnding,BasePlusVariants,280046686,36,36,96,0.375,93.11111,113,2,True,False,0.5,110.1667,113,Increasing,BackLoaded,Mirror,0.375,0.25,True,True,Mirror,"BalancedDensity, HighEnergy, MeaningfulAnchors, StrongEnding, ConversationalSpace, BackLoaded, PredictableProfile",0.375,0.733158,4.375,3.875,2.375,0,2.375,-0.5
Base_H36_Clustered_Flat,Clustered,Flat,Base,,BasePlusVariants,,36,36,96,0.375,84,84,0,False,False,0.375,84,84,Flat,Flat,Mirror,0.375,0.325,False,False,Mirror,"BalancedDensity, MediumEnergy, ConversationalSpace, BalancedProfile",0.375,0.661417,5.25,5.25,0,2.125,-0.25,0.625
Variant_H36_Clustered_Flat,Clustered,Flat,Variant,Base_H36_Clustered_Flat,BasePlusVariants,2033804280,36,36,96,0.375,84.36111,88,0,False,False,0.375,84.44444,87,Flat,BackLoaded,Complement,0.325,0.8,False,False,Complement,"BalancedDensity, MediumEnergy, ConversationalSpace, BackLoaded, PredictableProfile",0.375,0.664261,4.125,4.5,0.375,2.125,2.875,1.375
Base_H36_Clustered_Increasing,Clustered,Increasing,Base,,BasePlusVariants,,36,36,96,0.375,89.19444,106,0,False,False,0.375,104.4444,106,Flat,Increasing,Contrast,0.375,0.7,False,False,Contrast,"BalancedDensity, HighEnergy, ConversationalSpace, BackLoaded, PredictableProfile",0.375,0.702318,2.125,3,2.375,1.125,3.875,1.375
Variant_H36_Clustered_Increasing,Clustered,Increasing,Variant,Base_H36_Clustered_Increasing,BasePlusVariants,1332211032,36,36,96,0.375,88.83334,105,0,False,False,0.375,103.5556,105,Flat,Increasing,Complement,0.325,0.8,False,False,Complement,"BalancedDensity, MediumEnergy, ConversationalSpace, BackLoaded, PredictableProfile",0.375,0.699475,4.125,4.5,0.375,2.125,2.875,1.375
Base_H36_Clustered_AccentedEnding,Clustered,AccentedEnding,Base,,BasePlusVariants,,36,36,96,0.375,90.5,110,0,False,False,0.375,110,110,Flat,Increasing,Contrast,0.375,0.7,False,False,Contrast,"BalancedDensity, HighEnergy, ConversationalSpace, BackLoaded, PredictableProfile",0.375,0.712598,2.125,3,2.375,1.125,3.875,1.375
Variant_H36_Clustered_AccentedEnding,Clustered,AccentedEnding,Variant,Base_H36_Clustered_AccentedEnding,BasePlusVariants,130599431,36,36,96,0.375,90.52778,114,0,False,False,0.375,109.1111,114,Flat,BackLoaded,Contrast,0.375,0.7,False,False,Contrast,"BalancedDensity, HighEnergy, ConversationalSpace, BackLoaded, PredictableProfile",0.375,0.712817,2.125,3,2.375,1.125,3.875,1.375
Base_H36_AnchorLed_Flat,AnchorLed,Flat,Base,,BasePlusVariants,,36,36,96,0.375,85.33334,100,2,True,False,0.375,85.77778,100,MidDip,BackLoaded,Complement,0.325,0.75,True,False,Complement,"BalancedDensity, MediumEnergy, MeaningfulAnchors, ConversationalSpace, BackLoaded, PredictableProfile",0.375,0.671916,5.125,6,0.375,1.625,1.375,1.375
Variant_H36_AnchorLed_Flat,AnchorLed,Flat,Variant,Base_H36_AnchorLed_Flat,BasePlusVariants,2042882267,36,36,96,0.375,86,99,1,True,False,0.375,86,96,MidDip,MidDip,Complement,0.325,0.75,True,False,Complement,"BalancedDensity, MediumEnergy, MeaningfulAnchors, ConversationalSpace, BalancedProfile",0.375,0.677165,6.25,6.75,0,1.625,-0.25,0.625
Base_H36_AnchorLed_Increasing,AnchorLed,Increasing,Base,,BasePlusVariants,,36,36,96,0.375,90,124,2,True,False,0.375,108.2222,124,MidDip,Increasing,Complement,0.325,0.75,True,False,Complement,"BalancedDensity, HighEnergy, MeaningfulAnchors, ConversationalSpace, BackLoaded, PredictableProfile",0.375,0.708661,3.125,4.5,2.375,0.625,2.375,1.375
Variant_H36_AnchorLed_Increasing,AnchorLed,Increasing,Variant,Base_H36_AnchorLed_Increasing,BasePlusVariants,1660392807,36,36,96,0.375,89.5,126,2,True,False,0.375,109,126,MidDip,Increasing,Complement,0.325,0.75,True,False,Complement,"BalancedDensity, HighEnergy, MeaningfulAnchors, ConversationalSpace, BackLoaded, PredictableProfile",0.375,0.704724,3.125,4.5,2.375,0.625,2.375,1.375
Base_H36_AnchorLed_AccentedEnding,AnchorLed,AccentedEnding,Base,,BasePlusVariants,,36,36,96,0.375,91.83334,126,2,True,False,0.375,111.7778,126,MidDip,BackLoaded,Complement,0.325,0.75,True,False,Complement,"BalancedDensity, HighEnergy, MeaningfulAnchors, ConversationalSpace, BackLoaded, PredictableProfile",0.375,0.723097,3.125,4.5,2.375,0.625,2.375,1.375
Variant_H36_AnchorLed_AccentedEnding,AnchorLed,AccentedEnding,Variant,Base_H36_AnchorLed_AccentedEnding,BasePlusVariants,615536480,36,36,96,0.375,92.11111,127,3,True,True,0.375,111.7778,127,MidDip,Increasing,Mirror,0.375,0.25,True,True,Mirror,"BalancedDensity, HighEnergy, MeaningfulAnchors, StrongEnding, ConversationalSpace, BackLoaded, PredictableProfile",0.375,0.725284,4.375,3.875,2.375,0,2.375,-0.5
Base_H40_Even_Flat,Even,Flat,Base,,BasePlusVariants,,40,40,96,0.416667,84,84,1,True,False,0.416667,84,84,Flat,Flat,Complement,0.366667,0.75,True,False,Complement,"BalancedDensity, MediumEnergy, MeaningfulAnchors, ConversationalSpace, BalancedProfile",0.416667,0.661417,6.25,6.75,0,1.625,-0.25,0.625
Variant_H40_Even_Flat,Even,Flat,Variant,Base_H40_Even_Flat,BasePlusVariants,603315562,40,40,96,0.416667,83.675,88,1,True,False,0.416667,83.7,87,Flat,BackLoaded,Complement,0.366667,0.75,True,False,Complement,"BalancedDensity, MediumEnergy, MeaningfulAnchors, ConversationalSpace, BackLoaded, PredictableProfile",0.416667,0.658858,5.125,6,0.375,1.625,1.375,1.375
Base_H40_Even_Increasing,Even,Increasing,Base,,BasePlusVariants,,40,40,96,0.416667,89,108,2,True,False,0.416667,103.5,108,Flat,Increasing,Contrast,0.416667,0.7,False,False,Contrast,"BalancedDensity, HighEnergy, ConversationalSpace, BackLoaded, PredictableProfile",0.416667,0.700787,2.125,3,2.375,1.125,3.875,1.375
Variant_H40_Even_Increasing,Even,Increasing,Variant,Base_H40_Even_Increasing,BasePlusVariants,2125352918,40,40,96,0.416667,89.35,110,2,True,False,0.416667,104.6,110,Flat,Increasing,Contrast,0.416667,0.7,False,False,Contrast,"BalancedDensity, HighEnergy, ConversationalSpace, BackLoaded, PredictableProfile",0.416667,0.703543,2.125,3,2.375,1.125,3.875,1.375
Base_H40_Even_AccentedEnding,Even,AccentedEnding,Base,,BasePlusVariants,,40,40,96,0.416667,90.5,110,2,True,False,0.416667,110,110,Flat,Increasing,Complement,0.366667,0.75,True,False,Complement,"BalancedDensity, HighEnergy, MeaningfulAnchors, ConversationalSpace, BackLoaded, PredictableProfile",0.416667,0.712598,3.125,4.5,2.375,0.625,2.375,1.375
Variant_H40_Even_AccentedEnding,Even,AccentedEnding,Variant,Base_H40_Even_AccentedEnding,BasePlusVariants,1702814933,40,40,96,0.416667,90,114,2,True,False,0.416667,109,114,Flat,BackLoaded,Complement,0.366667,0.75,True,False,Complement,"BalancedDensity, HighEnergy, MeaningfulAnchors, ConversationalSpace, BackLoaded, PredictableProfile",0.416667,0.708661,3.125,4.5,2.375,0.625,2.375,1.375
Base_H40_FrontLoaded_Flat,FrontLoaded,Flat,Base,,BasePlusVariants,,40,40,96,0.416667,84,84,2,True,False,0.291667,84,84,FrontLoaded,Flat,Complement,0.366667,0.75,True,False,Complement,"BalancedDensity, MediumEnergy, MeaningfulAnchors, ConversationalSpace, FrontLoaded, PredictableProfile",0.416667,0.661417,5.125,6,0.375,1.625,1.375,0.625
Variant_H40_FrontLoaded_Flat,FrontLoaded,Flat,Variant,Base_H40_FrontLoaded_Flat,BasePlusVariants,698889736,40,40,96,0.416667,83.8,88,1,True,False,0.291667,82.14286,85,FrontLoaded,FrontLoaded,Complement,0.366667,0.75,True,False,Complement,"BalancedDensity, MediumEnergy, MeaningfulAnchors, ConversationalSpace, FrontLoaded, PredictableProfile",0.416667,0.659843,5.125,6,0.375,1.625,1.375,0.625
Base_H40_FrontLoaded_Increasing,FrontLoaded,Increasing,Base,,BasePlusVariants,,40,40,96,0.416667,85.675,108,5,True,True,0.291667,103.2857,108,FrontLoaded,Increasing,Mirror,0.416667,0.3,False,True,Mirror,"BalancedDensity, MediumEnergy, StrongEnding, ConversationalSpace, BackLoaded, PredictableProfile",0.416667,0.674606,5.375,3.875,0.375,1.5,2.875,-0.5
Variant_H40_FrontLoaded_Increasing,FrontLoaded,Increasing,Variant,Base_H40_FrontLoaded_Increasing,BasePlusVariants,511071560,40,40,96,0.416667,85.9,107,4,True,False,0.291667,102.2857,107,FrontLoaded,Increasing,Complement,0.366667,0.8,False,False,Complement,"BalancedDensity, MediumEnergy, ConversationalSpace, BackLoaded, PredictableProfile",0.416667,0.676378,4.125,4.5,0.375,2.125,2.875,1.375
Base_H40_FrontLoaded_AccentedEnding,FrontLoaded,AccentedEnding,Base,,BasePlusVariants,,40,40,96,0.416667,88.55,110,4,True,True,0.291667,110,110,FrontLoaded,Increasing,Mirror,0.416667,0.25,True,True,Mirror,"BalancedDensity, MediumEnergy, MeaningfulAnchors, StrongEnding, ConversationalSpace, BackLoaded, PredictableProfile",0.416667,0.697244,6.375,5.375,0.375,1,1.375,-0.5
Variant_H40_FrontLoaded_AccentedEnding,FrontLoaded,AccentedEnding,Variant,Base_H40_FrontLoaded_AccentedEnding,BasePlusVariants,331453015,40,40,96,0.416667,88.575,114,4,True,True,0.291667,111,114,FrontLoaded,BackLoaded,Mirror,0.416667,0.25,True,True,Mirror,"BalancedDensity, MediumEnergy, MeaningfulAnchors, StrongEnding, ConversationalSpace, BackLoaded, PredictableProfile",0.416667,0.697441,6.375,5.375,0.375,1,1.375,-0.5
Base_H40_BackLoaded_Flat,BackLoaded,Flat,Base,,BasePlusVariants,,40,40,96,0.416667,84,84,2,True,False,0.583333,84,84,Increasing,Flat,Mirror,0.416667,0.25,True,True,Mirror,"BalancedDensity, MediumEnergy, MeaningfulAnchors, StrongEnding, ConversationalSpace, BackLoaded, PredictableProfile",0.416667,0.661417,6.375,5.375,0.375,1,1.375,-0.5
Variant_H40_BackLoaded_Flat,BackLoaded,Flat,Variant,Base_H40_BackLoaded_Flat,BasePlusVariants,1021823844,40,40,96,0.416667,84.6,88,1,True,False,0.583333,84.07143,87,Increasing,FrontLoaded,Mirror,0.416667,0.25,True,True,Mirror,"BalancedDensity, MediumEnergy, MeaningfulAnchors, StrongEnding, ConversationalSpace, BackLoaded, PredictableProfile",0.416667,0.666142,6.375,5.375,0.375,1,1.375,-0.5
Base_H40_BackLoaded_Increasing,BackLoaded,Increasing,Base,,BasePlusVariants,,40,40,96,0.416667,92.375,108,3,True,False,0.583333,103.2857,108,Increasing,Increasing,Mirror,0.416667,0.25,True,True,Mirror,"BalancedDensity, HighEnergy, MeaningfulAnchors, StrongEnding, ConversationalSpace, BackLoaded, PredictableProfile",0.416667,0.727362,4.375,3.875,2.375,0,2.375,-0.5
Variant_H40_BackLoaded_Increasing,BackLoaded,Increasing,Variant,Base_H40_BackLoaded_Increasing,BasePlusVariants,900542572,40,40,96,0.416667,92.375,110,2,True,False,0.583333,104.5714,110,Increasing,Increasing,Mirror,0.416667,0.25,True,True,Mirror,"BalancedDensity, HighEnergy, MeaningfulAnchors, StrongEnding, ConversationalSpace, BackLoaded, PredictableProfile",0.416667,0.727362,4.375,3.875,2.375,0,2.375,-0.5
Base_H40_BackLoaded_AccentedEnding,BackLoaded,AccentedEnding,Base,,BasePlusVariants,,40,40,96,0.416667,93.1,110,3,True,False,0.583333,110,110,Increasing,Increasing,Mirror,0.416667,0.25,True,True,Mirror,"BalancedDensity, HighEnergy, MeaningfulAnchors, StrongEnding, ConversationalSpace, BackLoaded, PredictableProfile",0.416667,0.733071,4.375,3.875,2.375,0,2.375,-0.5
Variant_H40_BackLoaded_AccentedEnding,BackLoaded,AccentedEnding,Variant,Base_H40_BackLoaded_AccentedEnding,BasePlusVariants,955454827,40,40,96,0.416667,93.175,114,3,True,False,0.583333,110.2143,114,Increasing,BackLoaded,Mirror,0.416667,0.25,True,True,Mirror,"BalancedDensity, HighEnergy, MeaningfulAnchors, StrongEnding, ConversationalSpace, BackLoaded, PredictableProfile",0.416667,0.733661,4.375,3.875,2.375,0,2.375,-0.5
Base_H40_Clustered_Flat,Clustered,Flat,Base,,BasePlusVariants,,40,40,96,0.416667,84,84,0,False,False,0.416667,84,84,Flat,Flat,Mirror,0.416667,0.325,False,False,Mirror,"BalancedDensity, MediumEnergy, ConversationalSpace, BalancedProfile",0.416667,0.661417,5.25,5.25,0,2.125,-0.25,0.625
Variant_H40_Clustered_Flat,Clustered,Flat,Variant,Base_H40_Clustered_Flat,BasePlusVariants,753650615,40,40,96,0.416667,83.85,88,0,False,False,0.416667,84.3,88,Flat,MidDip,Mirror,0.416667,0.325,False,False,Mirror,"BalancedDensity, MediumEnergy, ConversationalSpace, BalancedProfile",0.416667,0.660236,5.25,5.25,0,2.125,-0.25,0.625
Base_H40_Clustered_Increasing,Clustered,Increasing,Base,,BasePlusVariants,,40,40,96,0.416667,89,106,0,False,False,0.416667,104.2,106,Flat,Increasing,Contrast,0.416667,0.7,False,False,Contrast,"BalancedDensity, HighEnergy, ConversationalSpace, BackLoaded, PredictableProfile",0.416667,0.700787,2.125,3,2.375,1.125,3.875,1.375
Variant_H40_Clustered_Increasing,Clustered,Increasing,Variant,Base_H40_Clustered_Increasing,BasePlusVariants,862287099,40,40,96,0.416667,89.35,107,0,False,False,0.416667,104.2,107,Flat,Increasing,Contrast,0.416667,0.7,False,False,Contrast,"BalancedDensity, HighEnergy, ConversationalSpace, BackLoaded, PredictableProfile",0.416667,0.703543,2.125,3,2.375,1.125,3.875,1.375
Base_H40_Clustered_AccentedEnding,Clustered,AccentedEnding,Base,,BasePlusVariants,,40,40,96,0.416667,90.5,110,0,False,False,0.416667,110,110,Flat,Increasing,Contrast,0.416667,0.7,False,False,Contrast,"BalancedDensity, HighEnergy, ConversationalSpace, BackLoaded, PredictableProfile",0.416667,0.712598,2.125,3,2.375,1.125,3.875,1.375
Variant_H40_Clustered_AccentedEnding,Clustered,AccentedEnding,Variant,Base_H40_Clustered_AccentedEnding,BasePlusVariants,1847373700,40,40,96,0.416667,90.55,113,2,False,True,0.416667,110.3,113,Flat,BackLoaded,Contrast,0.416667,0.7,False,False,Contrast,"BalancedDensity, HighEnergy, StrongEnding, ConversationalSpace, BackLoaded, PredictableProfile",0.416667,0.712992,3.375,2.375,2.375,0.5,3.875,-0.5
Base_H40_AnchorLed_Flat,AnchorLed,Flat,Base,,BasePlusVariants,,40,40,96,0.416667,85.2,100,2,True,False,0.416667,85.6,100,MidDip,BackLoaded,Complement,0.366667,0.75,True,False,Complement,"BalancedDensity, MediumEnergy, MeaningfulAnchors, ConversationalSpace, BackLoaded, PredictableProfile",0.416667,0.670866,5.125,6,0.375,1.625,1.375,1.375
Variant_H40_AnchorLed_Flat,AnchorLed,Flat,Variant,Base_H40_AnchorLed_Flat,BasePlusVariants,703852896,40,40,96,0.416667,85.15,104,2,True,False,0.416667,86.7,97,MidDip,BackLoaded,Complement,0.366667,0.75,True,False,Complement,"BalancedDensity, MediumEnergy, MeaningfulAnchors, ConversationalSpace, BackLoaded, PredictableProfile",0.416667,0.670472,5.125,6,0.375,1.625,1.375,1.375
Base_H40_AnchorLed_Increasing,AnchorLed,Increasing,Base,,BasePlusVariants,,40,40,96,0.416667,89.925,124,2,True,False,0.416667,107.8,124,MidDip,Increasing,Complement,0.366667,0.75,True,False,Complement,"BalancedDensity, HighEnergy, MeaningfulAnchors, ConversationalSpace, BackLoaded, PredictableProfile",0.416667,0.708071,3.125,4.5,2.375,0.625,2.375,1.375
Variant_H40_AnchorLed_Increasing,AnchorLed,Increasing,Variant,Base_H40_AnchorLed_Increasing,BasePlusVariants,1829968880,40,40,96,0.416667,89.65,125,2,True,False,0.416667,107.8,125,MidDip,Increasing,Complement,0.366667,0.75,True,False,Complement,"BalancedDensity, HighEnergy, MeaningfulAnchors, ConversationalSpace, BackLoaded, PredictableProfile",0.416667,0.705906,3.125,4.5,2.375,0.625,2.375,1.375
Base_H40_AnchorLed_AccentedEnding,AnchorLed,AccentedEnding,Base,,BasePlusVariants,,40,40,96,0.416667,91.7,126,2,True,False,0.416667,111.6,126,MidDip,BackLoaded,Complement,0.366667,0.75,True,False,Complement,"BalancedDensity, HighEnergy, MeaningfulAnchors, ConversationalSpace, BackLoaded, PredictableProfile",0.416667,0.722047,3.125,4.5,2.375,0.625,2.375,1.375
Variant_H40_AnchorLed_AccentedEnding,AnchorLed,AccentedEnding,Variant,Base_H40_AnchorLed_AccentedEnding,BasePlusVariants,131706655,40,40,96,0.416667,91.35,124,1,True,False,0.416667,110.5,124,MidDip,BackLoaded,Complement,0.366667,0.75,True,False,Complement,"BalancedDensity, HighEnergy, MeaningfulAnchors, ConversationalSpace, BackLoaded, PredictableProfile",0.416667,0.719291,3.125,4.5,2.375,0.625,2.375,1.375
Base_H44_Even_Flat,Even,Flat,Base,,BasePlusVariants,,44,44,96,0.458333,84,84,1,True,False,0.458333,84,84,Flat,Flat,Complement,0.408333,0.75,True,False,Complement,"BalancedDensity, MediumEnergy, MeaningfulAnchors, ConversationalSpace, BalancedProfile",0.458333,0.661417,6.25,6.75,0,1.625,-0.25,0.625
Variant_H44_Even_Flat,Even,Flat,Variant,Base_H44_Even_Flat,BasePlusVariants,1110825838,44,44,96,0.458333,83.90909,88,1,True,False,0.458333,84.27273,88,Flat,FrontLoaded,Complement,0.408333,0.75,True,False,Complement,"BalancedDensity, MediumEnergy, MeaningfulAnchors, ConversationalSpace, FrontLoaded, PredictableProfile",0.458333,0.660702,5.125,6,0.375,1.625,1.375,0.625
Base_H44_Even_Increasing,Even,Increasing,Base,,BasePlusVariants,,44,44,96,0.458333,89,108,2,True,False,0.458333,103.5455,108,Flat,Increasing,Contrast,0.458333,0.7,False,False,Contrast,"BalancedDensity, HighEnergy, ConversationalSpace, BackLoaded, PredictableProfile",0.458333,0.700787,2.125,3,2.375,1.125,3.875,1.375
Variant_H44_Even_Increasing,Even,Increasing,Variant,Base_H44_Even_Increasing,BasePlusVariants,1926658338,44,44,96,0.458333,89.20454,111,2,True,False,0.458333,104.5455,111,Flat,Increasing,Contrast,0.458333,0.7,False,False,Contrast,"BalancedDensity, HighEnergy, ConversationalSpace, BackLoaded, PredictableProfile",0.458333,0.702398,2.125,3,2.375,1.125,3.875,1.375
Base_H44_Even_AccentedEnding,Even,AccentedEnding,Base,,BasePlusVariants,,44,44,96,0.458333,90.5,110,2,True,False,0.458333,110,110,Flat,Increasing,Complement,0.408333,0.75,True,False,Complement,"BalancedDensity, HighEnergy, MeaningfulAnchors, ConversationalSpace, BackLoaded, PredictableProfile",0.458333,0.712598,3.125,4.5,2.375,0.625,2.375,1.375
Variant_H44_Even_AccentedEnding,Even,AccentedEnding,Variant,Base_H44_Even_AccentedEnding,BasePlusVariants,644054689,44,44,96,0.458333,90.47727,113,2,True,False,0.458333,109.6364,113,Flat,BackLoaded,Complement,0.408333,0.75,True,False,Complement,"BalancedDensity, HighEnergy, MeaningfulAnchors, ConversationalSpace, BackLoaded, PredictableProfile",0.458333,0.71242,3.125,4.5,2.375,0.625,2.375,1.375
Base_H44_FrontLoaded_Flat,FrontLoaded,Flat,Base,,BasePlusVariants,,44,44,96,0.458333,84,84,3,True,False,0.291667,84,84,Decreasing,Flat,Complement,0.408333,0.75,True,False,Complement,"BalancedDensity, MediumEnergy, MeaningfulAnchors, ConversationalSpace, FrontLoaded, PredictableProfile",0.458333,0.661417,5.125,6,0.375,1.625,1.375,0.625
Variant_H44_FrontLoaded_Flat,FrontLoaded,Flat,Variant,Base_H44_FrontLoaded_Flat,BasePlusVariants,80815180,44,44,96,0.458333,83.56818,88,3,True,False,0.291667,85.28571,88,Decreasing,BackLoaded,Complement,0.408333,0.75,True,False,Complement,"BalancedDensity, MediumEnergy, MeaningfulAnchors, ConversationalSpace, BackLoaded, PredictableProfile",0.458333,0.658017,5.125,6,0.375,1.625,1.375,1.375
Base_H44_FrontLoaded_Increasing,FrontLoaded,Increasing,Base,,BasePlusVariants,,44,44,96,0.458333,85.47727,108,4,True,True,0.291667,103.5714,108,Decreasing,Increasing,Mirror,0.458333,0.25,True,True,Mirror,"BalancedDensity, MediumEnergy, MeaningfulAnchors, StrongEnding, ConversationalSpace, BackLoaded, PredictableProfile",0.458333,0.673049,6.375,5.375,0.375,1,1.375,-0.5
Variant_H44_FrontLoaded_Increasing,FrontLoaded,Increasing,Variant,Base_H44_FrontLoaded_Increasing,BasePlusVariants,1282337860,44,44,96,0.458333,85.68182,111,4,True,True,0.291667,104.8571,111,Decreasing,Increasing,Mirror,0.458333,0.25,True,True,Mirror,"BalancedDensity, MediumEnergy, MeaningfulAnchors, StrongEnding, ConversationalSpace, BackLoaded, PredictableProfile",0.458333,0.67466,6.375,5.375,0.375,1,1.375,-0.5
Base_H44_FrontLoaded_AccentedEnding,FrontLoaded,AccentedEnding,Base,,BasePlusVariants,,44,44,96,0.458333,88.13636,110,4,True,True,0.291667,110,110,Decreasing,Increasing,Mirror,0.458333,0.25,True,True,Mirror,"BalancedDensity, MediumEnergy, MeaningfulAnchors, StrongEnding, ConversationalSpace, BackLoaded, PredictableProfile",0.458333,0.693987,6.375,5.375,0.375,1,1.375,-0.5
Variant_H44_FrontLoaded_AccentedEnding,FrontLoaded,AccentedEnding,Variant,Base_H44_FrontLoaded_AccentedEnding,BasePlusVariants,97733859,44,44,96,0.458333,87.65909,112,5,True,True,0.291667,109.1429,112,Decreasing,Increasing,Mirror,0.458333,0.25,True,True,Mirror,"BalancedDensity, MediumEnergy, MeaningfulAnchors, StrongEnding, ConversationalSpace, BackLoaded, PredictableProfile",0.458333,0.690229,6.375,5.375,0.375,1,1.375,-0.5
Base_H44_BackLoaded_Flat,BackLoaded,Flat,Base,,BasePlusVariants,,44,44,96,0.458333,84,84,2,True,False,0.625,84,84,Increasing,Flat,Mirror,0.458333,0.25,True,True,Mirror,"BalancedDensity, MediumEnergy, MeaningfulAnchors, StrongEnding, ConversationalSpace, BackLoaded, PredictableProfile",0.458333,0.661417,6.375,5.375,0.375,1,1.375,-0.5
Variant_H44_BackLoaded_Flat,BackLoaded,Flat,Variant,Base_H44_BackLoaded_Flat,BasePlusVariants,2044938736,44,44,96,0.458333,84.22727,88,2,True,False,0.625,84.2,87,Increasing,MidDip,Mirror,0.458333,0.25,True,True,Mirror,"BalancedDensity, MediumEnergy, MeaningfulAnchors, StrongEnding, ConversationalSpace, BackLoaded, PredictableProfile",0.458333,0.663207,6.375,5.375,0.375,1,1.375,-0.5
Base_H44_BackLoaded_Increasing,BackLoaded,Increasing,Base,,BasePlusVariants,,44,44,96,0.458333,92.52273,108,3,True,False,0.625,103.6,108,Increasing,Increasing,Mirror,0.458333,0.25,True,True,Mirror,"BalancedDensity, HighEnergy, MeaningfulAnchors, StrongEnding, ConversationalSpace, BackLoaded, PredictableProfile",0.458333,0.728525,4.375,3.875,2.375,0,2.375,-0.5
Variant_H44_BackLoaded_Increasing,BackLoaded,Increasing,Variant,Base_H44_BackLoaded_Increasing,BasePlusVariants,742524384,44,44,96,0.458333,92.47727,110,3,True,False,0.666667,103.5625,110,Increasing,Increasing,Mirror,0.458333,0.25,True,True,Mirror,"BalancedDensity, HighEnergy, MeaningfulAnchors, StrongEnding, ConversationalSpace, BackLoaded, PredictableProfile",0.458333,0.728168,4.375,3.875,2.375,0,2.375,-0.5
Base_H44_BackLoaded_AccentedEnding,BackLoaded,AccentedEnding,Base,,BasePlusVariants,,44,44,96,0.458333,92.86364,110,3,True,False,0.625,110,110,Increasing,Increasing,Mirror,0.458333,0.25,True,True,Mirror,"BalancedDensity, HighEnergy, MeaningfulAnchors, StrongEnding, ConversationalSpace, BackLoaded, PredictableProfile",0.458333,0.73121,4.375,3.875,2.375,0,2.375,-0.5
Variant_H44_BackLoaded_AccentedEnding,BackLoaded,AccentedEnding,Variant,Base_H44_BackLoaded_AccentedEnding,BasePlusVariants,1466443823,44,44,96,0.458333,93,114,4,True,False,0.625,110.1333,114,Increasing,BackLoaded,Mirror,0.458333,0.25,True,True,Mirror,"BalancedDensity, HighEnergy, MeaningfulAnchors, StrongEnding, ConversationalSpace, BackLoaded, PredictableProfile",0.458333,0.732284,4.375,3.875,2.375,0,2.375,-0.5
Base_H44_Clustered_Flat,Clustered,Flat,Base,,BasePlusVariants,,44,44,96,0.458333,84,84,0,False,False,0.458333,84,84,Flat,Flat,Mirror,0.458333,0.325,False,False,Mirror,"BalancedDensity, MediumEnergy, ConversationalSpace, BalancedProfile",0.458333,0.661417,5.25,5.25,0,2.125,-0.25,0.625
Variant_H44_Clustered_Flat,Clustered,Flat,Variant,Base_H44_Clustered_Flat,BasePlusVariants,567203587,44,44,96,0.458333,84.27273,88,0,False,False,0.458333,84.45454,86,Flat,FrontLoaded,Complement,0.408333,0.8,False,False,Complement,"BalancedDensity, MediumEnergy, ConversationalSpace, FrontLoaded, PredictableProfile",0.458333,0.663565,4.125,4.5,0.375,2.125,2.875,0.625
Base_H44_Clustered_Increasing,Clustered,Increasing,Base,,BasePlusVariants,,44,44,96,0.458333,89.20454,106,0,False,False,0.458333,104.3636,106,Flat,Increasing,Contrast,0.458333,0.7,False,False,Contrast,"BalancedDensity, HighEnergy, ConversationalSpace, BackLoaded, PredictableProfile",0.458333,0.702398,2.125,3,2.375,1.125,3.875,1.375
Variant_H44_Clustered_Increasing,Clustered,Increasing,Variant,Base_H44_Clustered_Increasing,BasePlusVariants,447914271,44,44,96,0.458333,89.11364,106,0,False,False,0.458333,104.4545,106,Flat,Increasing,Contrast,0.458333,0.7,False,False,Contrast,"BalancedDensity, HighEnergy, ConversationalSpace, BackLoaded, PredictableProfile",0.458333,0.701682,2.125,3,2.375,1.125,3.875,1.375
Base_H44_Clustered_AccentedEnding,Clustered,AccentedEnding,Base,,BasePlusVariants,,44,44,96,0.458333,90.5,110,0,False,False,0.458333,110,110,Flat,Increasing,Contrast,0.458333,0.7,False,False,Contrast,"BalancedDensity, HighEnergy, ConversationalSpace, BackLoaded, PredictableProfile",0.458333,0.712598,2.125,3,2.375,1.125,3.875,1.375
Variant_H44_Clustered_AccentedEnding,Clustered,AccentedEnding,Variant,Base_H44_Clustered_AccentedEnding,BasePlusVariants,1458223160,44,44,96,0.458333,90.77273,113,0,False,False,0.458333,110.2727,113,Flat,BackLoaded,Contrast,0.458333,0.7,False,False,Contrast,"BalancedDensity, HighEnergy, ConversationalSpace, BackLoaded, PredictableProfile",0.458333,0.714746,2.125,3,2.375,1.125,3.875,1.375
Base_H44_AnchorLed_Flat,AnchorLed,Flat,Base,,BasePlusVariants,,44,44,96,0.458333,85.09091,100,2,True,False,0.458333,85.45454,100,MidDip,BackLoaded,Complement,0.408333,0.75,True,False,Complement,"BalancedDensity, MediumEnergy, MeaningfulAnchors, ConversationalSpace, BackLoaded, PredictableProfile",0.458333,0.670007,5.125,6,0.375,1.625,1.375,1.375
Variant_H44_AnchorLed_Flat,AnchorLed,Flat,Variant,Base_H44_AnchorLed_Flat,BasePlusVariants,1970330788,44,44,96,0.458333,85.63636,103,2,True,False,0.458333,86.72727,103,MidDip,BackLoaded,Complement,0.408333,0.75,True,False,Complement,"BalancedDensity, MediumEnergy, MeaningfulAnchors, ConversationalSpace, BackLoaded, PredictableProfile",0.458333,0.674302,5.125,6,0.375,1.625,1.375,1.375
Base_H44_AnchorLed_Increasing,AnchorLed,Increasing,Base,,BasePlusVariants,,44,44,96,0.458333,89.84091,124,2,True,False,0.458333,107.4545,124,MidDip,Increasing,Complement,0.408333,0.75,True,False,Complement,"BalancedDensity, HighEnergy, MeaningfulAnchors, ConversationalSpace, BackLoaded, PredictableProfile",0.458333,0.707409,3.125,4.5,2.375,0.625,2.375,1.375
Variant_H44_AnchorLed_Increasing,AnchorLed,Increasing,Variant,Base_H44_AnchorLed_Increasing,BasePlusVariants,352704940,44,44,96,0.458333,89.81818,122,3,True,False,0.458333,108.5455,122,MidDip,Increasing,Contrast,0.458333,0.7,False,False,Contrast,"BalancedDensity, HighEnergy, ConversationalSpace, BackLoaded, PredictableProfile",0.458333,0.70723,2.125,3,2.375,1.125,3.875,1.375
Base_H44_AnchorLed_AccentedEnding,AnchorLed,AccentedEnding,Base,,BasePlusVariants,,44,44,96,0.458333,91.59091,126,2,True,False,0.458333,111.4545,126,MidDip,BackLoaded,Complement,0.408333,0.75,True,False,Complement,"BalancedDensity, HighEnergy, MeaningfulAnchors, ConversationalSpace, BackLoaded, PredictableProfile",0.458333,0.721188,3.125,4.5,2.375,0.625,2.375,1.375
Variant_H44_AnchorLed_AccentedEnding,AnchorLed,AccentedEnding,Variant,Base_H44_AnchorLed_AccentedEnding,BasePlusVariants,300034219,44,44,96,0.458333,91.43182,126,3,True,True,0.458333,110.0909,126,MidDip,BackLoaded,Mirror,0.458333,0.25,True,True,Mirror,"BalancedDensity, HighEnergy, MeaningfulAnchors, StrongEnding, ConversationalSpace, BackLoaded, PredictableProfile",0.458333,0.719936,4.375,3.875,2.375,0,2.375,-0.5
