CaseID,ResponseType,Overlap,GapFill,AnchorPreservation,SelectedStepCount,SourceStepCount,MeanPairwiseJaccardDistance
Base_H08_AnchorLed_AccentedEnding,Mirror,0.5,0.5,1,10,8,0.607599
Base_H08_AnchorLed_AccentedEnding,Complement,0.111111,0.888889,0.333333,9,8,0.630536
Base_H08_AnchorLed_AccentedEnding,Simplify,1,0,1,3,8,0.832357
Base_H08_AnchorLed_AccentedEnding,Intensify,0.3125,0.6875,1,16,8,0.559951
Base_H08_AnchorLed_AccentedEnding,Contrast,0.1,0.9,0.333333,10,8,0.63449
Base_H08_AnchorLed_AccentedEnding,Fill,0.352941,0.647059,1,17,8,0.543959
Base_H08_AnchorLed_Flat,Mirror,0.5,0.5,1,10,8,0.600407
Base_H08_AnchorLed_Flat,Complement,0.111111,0.888889,0.5,9,8,0.617607
Base_H08_AnchorLed_Flat,Simplify,1,0,1,2,8,0.874596
Base_H08_AnchorLed_Flat,Intensify,0.3125,0.6875,1,16,8,0.562451
Base_H08_AnchorLed_Flat,Contrast,0.1,0.9,0.5,10,8,0.622844
Base_H08_AnchorLed_Flat,Fill,0.333333,0.666667,1,18,8,0.53193
Base_H08_AnchorLed_Increasing,Mirror,0.5,0.5,1,10,8,0.607599
Base_H08_AnchorLed_Increasing,Complement,0.111111,0.888889,0.333333,9,8,0.630536
Base_H08_AnchorLed_Increasing,Simplify,1,0,1,3,8,0.832357
Base_H08_AnchorLed_Increasing,Intensify,0.3125,0.6875,1,16,8,0.559951
Base_H08_AnchorLed_Increasing,Contrast,0.1,0.9,0.333333,10,8,0.63449
Base_H08_AnchorLed_Increasing,Fill,0.352941,0.647059,1,17,8,0.543959
Base_H08_BackLoaded_AccentedEnding,Mirror,0.8,0.2,1,10,8,0.657593
Base_H08_BackLoaded_AccentedEnding,Complement,0.1,0.9,0.25,10,8,0.702783
Base_H08_BackLoaded_AccentedEnding,Simplify,0.857143,0.142857,1,7,8,0.693846
Base_H08_BackLoaded_AccentedEnding,Intensify,0.333333,0.666667,1,21,8,0.606277
Base_H08_BackLoaded_AccentedEnding,Contrast,0.1,0.9,0.25,10,8,0.692013
Base_H08_BackLoaded_AccentedEnding,Fill,0.2,0.8,0.75,25,8,0.626044
Base_H08_BackLoaded_Flat,Mirror,0.7,0.3,1,10,8,0.657715
Base_H08_BackLoaded_Flat,Complement,0.1,0.9,0.5,10,8,0.694591
Base_H08_BackLoaded_Flat,Simplify,0.833333,0.166667,1,6,8,0.72127
Base_H08_BackLoaded_Flat,Intensify,0.333333,0.666667,1,21,8,0.601909
Base_H08_BackLoaded_Flat,Contrast,0.1,0.9,0.5,10,8,0.670097
Base_H08_BackLoaded_Flat,Fill,0.185185,0.814815,1,27,8,0.642023
Base_H08_BackLoaded_Increasing,Mirror,0.8,0.2,1,10,8,0.657593
Base_H08_BackLoaded_Increasing,Complement,0.1,0.9,0.2,10,8,0.702783
Base_H08_BackLoaded_Increasing,Simplify,0.857143,0.142857,1,7,8,0.693846
Base_H08_BackLoaded_Increasing,Intensify,0.333333,0.666667,1,21,8,0.606277
Base_H08_BackLoaded_Increasing,Contrast,0.1,0.9,0.2,10,8,0.692013
Base_H08_BackLoaded_Increasing,Fill,0.2,0.8,0.8,25,8,0.626044
Base_H08_Clustered_AccentedEnding,Mirror,0.6,0.4,1,10,8,0.64943
Base_H08_Clustered_AccentedEnding,Complement,0.111111,0.888889,1,9,8,0.679298
Base_H08_Clustered_AccentedEnding,Simplify,1,0,1,2,8,0.872778
Base_H08_Clustered_AccentedEnding,Intensify,0.375,0.625,1,16,8,0.56579
Base_H08_Clustered_AccentedEnding,Contrast,0.111111,0.888889,1,9,8,0.679342
Base_H08_Clustered_AccentedEnding,Fill,0.333333,0.666667,1,18,8,0.540936
Base_H08_Clustered_Flat,Mirror,0.6,0.4,0,10,8,0.64943
Base_H08_Clustered_Flat,Complement,0.111111,0.888889,0,9,8,0.679298
Base_H08_Clustered_Flat,Simplify,1,0,0,2,8,0.872778
Base_H08_Clustered_Flat,Intensify,0.375,0.625,0,16,8,0.56579
Base_H08_Clustered_Flat,Contrast,0.111111,0.888889,0,9,8,0.679342
Base_H08_Clustered_Flat,Fill,0.333333,0.666667,0,18,8,0.540936
Base_H08_Clustered_Increasing,Mirror,0.6,0.4,0,10,8,0.64943
Base_H08_Clustered_Increasing,Complement,0.111111,0.888889,0,9,8,0.679298
Base_H08_Clustered_Increasing,Simplify,1,0,0,2,8,0.872778
Base_H08_Clustered_Increasing,Intensify,0.375,0.625,0,16,8,0.56579
Base_H08_Clustered_Increasing,Contrast,0.111111,0.888889,0,9,8,0.679342
Base_H08_Clustered_Increasing,Fill,0.333333,0.666667,0,18,8,0.540936
Base_H08_Even_AccentedEnding,Mirror,0.7,0.3,1,10,8,0.643043
Base_H08_Even_AccentedEnding,Complement,0.1,0.9,0.5,10,8,0.64241
Base_H08_Even_AccentedEnding,Simplify,0.5,0.5,1,6,8,0.656031
Base_H08_Even_AccentedEnding,Intensify,0.304348,0.695652,1,23,8,0.612192
Base_H08_Even_AccentedEnding,Contrast,0.1,0.9,0.5,10,8,0.620641
Base_H08_Even_AccentedEnding,Fill,0.16,0.84,0.5,25,8,0.65263
Base_H08_Even_Flat,Mirror,0.6,0.4,1,10,8,0.620451
Base_H08_Even_Flat,Complement,0.1,0.9,1,10,8,0.619683
Base_H08_Even_Flat,Simplify,0.4,0.6,1,5,8,0.671067
Base_H08_Even_Flat,Intensify,0.304348,0.695652,1,23,8,0.620888
Base_H08_Even_Flat,Contrast,0.1,0.9,1,10,8,0.597914
Base_H08_Even_Flat,Fill,0.16,0.84,1,25,8,0.641833
Base_H08_Even_Increasing,Mirror,0.7,0.3,1,10,8,0.643043
Base_H08_Even_Increasing,Complement,0.1,0.9,0.5,10,8,0.64241
Base_H08_Even_Increasing,Simplify,0.5,0.5,1,6,8,0.656031
Base_H08_Even_Increasing,Intensify,0.304348,0.695652,1,23,8,0.612192
Base_H08_Even_Increasing,Contrast,0.1,0.9,0.5,10,8,0.620641
Base_H08_Even_Increasing,Fill,0.16,0.84,0.5,25,8,0.65263
Base_H08_FrontLoaded_AccentedEnding,Mirror,0.8,0.2,1,10,8,0.657593
Base_H08_FrontLoaded_AccentedEnding,Complement,0.1,0.9,0.25,10,8,0.713529
Base_H08_FrontLoaded_AccentedEnding,Simplify,0.857143,0.142857,1,7,8,0.693846
Base_H08_FrontLoaded_AccentedEnding,Intensify,0.333333,0.666667,1,21,8,0.595143
Base_H08_FrontLoaded_AccentedEnding,Contrast,0.1,0.9,0.25,10,8,0.70276
Base_H08_FrontLoaded_AccentedEnding,Fill,0.2,0.8,0.75,25,8,0.637374
Base_H08_FrontLoaded_Flat,Mirror,0.7,0.3,1,10,8,0.638923
Base_H08_FrontLoaded_Flat,Complement,0.1,0.9,0,10,8,0.696918
Base_H08_FrontLoaded_Flat,Simplify,0.833333,0.166667,1,6,8,0.717714
Base_H08_FrontLoaded_Flat,Intensify,0.333333,0.666667,1,21,8,0.581084
Base_H08_FrontLoaded_Flat,Contrast,0.1,0.9,0,10,8,0.673896
Base_H08_FrontLoaded_Flat,Fill,0.2,0.8,1,25,8,0.614939
Base_H08_FrontLoaded_Increasing,Mirror,0.8,0.2,1,10,8,0.657593
Base_H08_FrontLoaded_Increasing,Complement,0.1,0.9,0.25,10,8,0.713529
Base_H08_FrontLoaded_Increasing,Simplify,0.857143,0.142857,1,7,8,0.693846
Base_H08_FrontLoaded_Increasing,Intensify,0.333333,0.666667,1,21,8,0.595143
Base_H08_FrontLoaded_Increasing,Contrast,0.1,0.9,0.25,10,8,0.70276
Base_H08_FrontLoaded_Increasing,Fill,0.2,0.8,0.75,25,8,0.637374
Base_H12_AnchorLed_AccentedEnding,Mirror,0.615385,0.384615,1,13,12,0.661359
Base_H12_AnchorLed_AccentedEnding,Complement,0.111111,0.888889,0.5,9,12,0.657942
Base_H12_AnchorLed_AccentedEnding,Simplify,1,0,1,2,12,0.889996
Base_H12_AnchorLed_AccentedEnding,Intensify,0.4,0.6,1,20,12,0.549264
Base_H12_AnchorLed_AccentedEnding,Contrast,0.1,0.9,0.5,10,12,0.668533
Base_H12_AnchorLed_AccentedEnding,Fill,0.368421,0.631579,1,19,12,0.51964
Base_H12_AnchorLed_Flat,Mirror,0.615385,0.384615,1,13,12,0.661359
Base_H12_AnchorLed_Flat,Complement,0.111111,0.888889,0.5,9,12,0.657942
Base_H12_AnchorLed_Flat,Simplify,1,0,1,2,12,0.889996
Base_H12_AnchorLed_Flat,Intensify,0.4,0.6,1,20,12,0.549264
Base_H12_AnchorLed_Flat,Contrast,0.1,0.9,0.5,10,12,0.668533
Base_H12_AnchorLed_Flat,Fill,0.368421,0.631579,1,19,12,0.51964
Base_H12_AnchorLed_Increasing,Mirror,0.615385,0.384615,1,13,12,0.661359
Base_H12_AnchorLed_Increasing,Complement,0.111111,0.888889,0.5,9,12,0.657942
Base_H12_AnchorLed_Increasing,Simplify,1,0,1,2,12,0.889996
Base_H12_AnchorLed_Increasing,Intensify,0.4,0.6,1,20,12,0.549264
Base_H12_AnchorLed_Increasing,Contrast,0.1,0.9,0.5,10,12,0.668533
Base_H12_AnchorLed_Increasing,Fill,0.368421,0.631579,1,19,12,0.51964
Base_H12_BackLoaded_AccentedEnding,Mirror,0.461539,0.538462,1,13,12,0.556269
Base_H12_BackLoaded_AccentedEnding,Complement,0,1,0,10,12,0.613158
Base_H12_BackLoaded_AccentedEnding,Simplify,0.3,0.7,1,10,12,0.519699
Base_H12_BackLoaded_AccentedEnding,Intensify,0.148148,0.851852,1,27,12,0.529694
Base_H12_BackLoaded_AccentedEnding,Contrast,0.076923,0.923077,0.333333,13,12,0.530993
Base_H12_BackLoaded_AccentedEnding,Fill,0.068966,0.931035,0.666667,29,12,0.576834
Base_H12_BackLoaded_Flat,Mirror,0.307692,0.692308,1,13,12,0.535643
Base_H12_BackLoaded_Flat,Complement,0,1,0,10,12,0.613659
Base_H12_BackLoaded_Flat,Simplify,0.222222,0.777778,1,9,12,0.532595
Base_H12_BackLoaded_Flat,Intensify,0.142857,0.857143,1,28,12,0.541611
Base_H12_BackLoaded_Flat,Contrast,0.076923,0.923077,0.5,13,12,0.515604
Base_H12_BackLoaded_Flat,Fill,0.064516,0.935484,1,31,12,0.579823
Base_H12_BackLoaded_Increasing,Mirror,0.461539,0.538462,1,13,12,0.556269
Base_H12_BackLoaded_Increasing,Complement,0,1,0,10,12,0.613158
Base_H12_BackLoaded_Increasing,Simplify,0.3,0.7,1,10,12,0.519699
Base_H12_BackLoaded_Increasing,Intensify,0.148148,0.851852,1,27,12,0.529694
Base_H12_BackLoaded_Increasing,Contrast,0.076923,0.923077,0.333333,13,12,0.530993
Base_H12_BackLoaded_Increasing,Fill,0.068966,0.931035,0.666667,29,12,0.576834
Base_H12_Clustered_AccentedEnding,Mirror,0.615385,0.384615,1,13,12,0.640588
Base_H12_Clustered_AccentedEnding,Complement,0.1,0.9,0,10,12,0.622149
Base_H12_Clustered_AccentedEnding,Simplify,0.5,0.5,1,4,12,0.769913
Base_H12_Clustered_AccentedEnding,Intensify,0.318182,0.681818,1,22,12,0.555889
Base_H12_Clustered_AccentedEnding,Contrast,0.076923,0.923077,0,13,12,0.617314
Base_H12_Clustered_AccentedEnding,Fill,0.304348,0.695652,1,23,12,0.531064
Base_H12_Clustered_Flat,Mirror,0.615385,0.384615,1,13,12,0.640588
Base_H12_Clustered_Flat,Complement,0.1,0.9,0,10,12,0.622149
Base_H12_Clustered_Flat,Simplify,0.5,0.5,1,4,12,0.769913
Base_H12_Clustered_Flat,Intensify,0.318182,0.681818,1,22,12,0.555889
Base_H12_Clustered_Flat,Contrast,0.076923,0.923077,0,13,12,0.617314
Base_H12_Clustered_Flat,Fill,0.304348,0.695652,1,23,12,0.531064
Base_H12_Clustered_Increasing,Mirror,0.615385,0.384615,0,13,12,0.640588
Base_H12_Clustered_Increasing,Complement,0.1,0.9,0,10,12,0.622149
Base_H12_Clustered_Increasing,Simplify,0.5,0.5,0,4,12,0.769913
Base_H12_Clustered_Increasing,Intensify,0.318182,0.681818,0,22,12,0.555889
Base_H12_Clustered_Increasing,Contrast,0.076923,0.923077,0,13,12,0.617314
Base_H12_Clustered_Increasing,Fill,0.304348,0.695652,0,23,12,0.531064
Base_H12_Even_AccentedEnding,Mirror,0.538462,0.461539,1,13,12,0.55104
Base_H12_Even_AccentedEnding,Complement,0,1,0,10,12,0.613158
Base_H12_Even_AccentedEnding,Simplify,0.4,0.6,1,10,12,0.538866
Base_H12_Even_AccentedEnding,Intensify,0.296296,0.703704,1,27,12,0.548148
Base_H12_Even_AccentedEnding,Contrast,0.076923,0.923077,0,13,12,0.565364
Base_H12_Even_AccentedEnding,Fill,0.103448,0.896552,0.5,29,12,0.615723
Base_H12_Even_Flat,Mirror,0.384615,0.615385,1,13,12,0.521243
Base_H12_Even_Flat,Complement,0,1,0,10,12,0.60921
Base_H12_Even_Flat,Simplify,0.333333,0.666667,1,9,12,0.549543
Base_H12_Even_Flat,Intensify,0.285714,0.714286,1,28,12,0.561905
Base_H12_Even_Flat,Contrast,0.076923,0.923077,0,13,12,0.530772
Base_H12_Even_Flat,Fill,0.103448,0.896552,1,29,12,0.591676
Base_H12_Even_Increasing,Mirror,0.538462,0.461539,1,13,12,0.55104
Base_H12_Even_Increasing,Complement,0,1,0,10,12,0.613158
Base_H12_Even_Increasing,Simplify,0.4,0.6,1,10,12,0.538866
Base_H12_Even_Increasing,Intensify,0.296296,0.703704,1,27,12,0.548148
Base_H12_Even_Increasing,Contrast,0.076923,0.923077,0.333333,13,12,0.565364
Base_H12_Even_Increasing,Fill,0.103448,0.896552,0.666667,29,12,0.615723
Base_H12_FrontLoaded_AccentedEnding,Mirror,0.461539,0.538462,1,13,12,0.556269
Base_H12_FrontLoaded_AccentedEnding,Complement,0,1,0,10,12,0.613158
Base_H12_FrontLoaded_AccentedEnding,Simplify,0.3,0.7,1,10,12,0.519699
Base_H12_FrontLoaded_AccentedEnding,Intensify,0.185185,0.814815,1,27,12,0.5403
Base_H12_FrontLoaded_AccentedEnding,Contrast,0.076923,0.923077,0.333333,13,12,0.530993
Base_H12_FrontLoaded_AccentedEnding,Fill,0.068966,0.931035,0.666667,29,12,0.58744
Base_H12_FrontLoaded_Flat,Mirror,0.461539,0.538462,1,13,12,0.583
Base_H12_FrontLoaded_Flat,Complement,0,1,0,10,12,0.60921
Base_H12_FrontLoaded_Flat,Simplify,0.222222,0.777778,1,9,12,0.52859
Base_H12_FrontLoaded_Flat,Intensify,0.178571,0.821429,1,28,12,0.561458
Base_H12_FrontLoaded_Flat,Contrast,0.076923,0.923077,0.5,13,12,0.526813
Base_H12_FrontLoaded_Flat,Fill,0.068966,0.931035,1,29,12,0.57931
Base_H12_FrontLoaded_Increasing,Mirror,0.461539,0.538462,1,13,12,0.556269
Base_H12_FrontLoaded_Increasing,Complement,0,1,0,10,12,0.613158
Base_H12_FrontLoaded_Increasing,Simplify,0.3,0.7,1,10,12,0.519699
Base_H12_FrontLoaded_Increasing,Intensify,0.185185,0.814815,1,27,12,0.5403
Base_H12_FrontLoaded_Increasing,Contrast,0.076923,0.923077,0.333333,13,12,0.530993
Base_H12_FrontLoaded_Increasing,Fill,0.068966,0.931035,0.666667,29,12,0.58744
Base_H16_AnchorLed_AccentedEnding,Mirror,0.647059,0.352941,1,17,16,0.660938
Base_H16_AnchorLed_AccentedEnding,Complement,0.111111,0.888889,0.5,9,16,0.650359
Base_H16_AnchorLed_AccentedEnding,Simplify,0.5,0.5,1,4,16,0.766967
Base_H16_AnchorLed_AccentedEnding,Intensify,0.458333,0.541667,1,24,16,0.555282
Base_H16_AnchorLed_AccentedEnding,Contrast,0.1,0.9,0.5,10,16,0.660909
Base_H16_AnchorLed_AccentedEnding,Fill,0.380952,0.619048,1,21,16,0.516953
Base_H16_AnchorLed_Flat,Mirror,0.647059,0.352941,1,17,16,0.660938
Base_H16_AnchorLed_Flat,Complement,0.111111,0.888889,0.5,9,16,0.650359
Base_H16_AnchorLed_Flat,Simplify,0.5,0.5,1,4,16,0.766967
Base_H16_AnchorLed_Flat,Intensify,0.458333,0.541667,1,24,16,0.555282
Base_H16_AnchorLed_Flat,Contrast,0.1,0.9,0.5,10,16,0.660909
Base_H16_AnchorLed_Flat,Fill,0.380952,0.619048,1,21,16,0.516953
Base_H16_AnchorLed_Increasing,Mirror,0.647059,0.352941,1,17,16,0.660938
Base_H16_AnchorLed_Increasing,Complement,0.111111,0.888889,0.5,9,16,0.650359
Base_H16_AnchorLed_Increasing,Simplify,0.5,0.5,1,4,16,0.766967
Base_H16_AnchorLed_Increasing,Intensify,0.458333,0.541667,1,24,16,0.555282
Base_H16_AnchorLed_Increasing,Contrast,0.1,0.9,0.5,10,16,0.660909
Base_H16_AnchorLed_Increasing,Fill,0.380952,0.619048,1,21,16,0.516953
Base_H16_BackLoaded_AccentedEnding,Mirror,0.647059,0.352941,1,17,16,0.616515
Base_H16_BackLoaded_AccentedEnding,Complement,0.090909,0.909091,0.2,11,16,0.653199
Base_H16_BackLoaded_AccentedEnding,Simplify,0.6,0.4,1,10,16,0.664168
Base_H16_BackLoaded_AccentedEnding,Intensify,0.290323,0.709677,1,31,16,0.562698
Base_H16_BackLoaded_AccentedEnding,Contrast,0.058824,0.941177,0.2,17,16,0.64607
Base_H16_BackLoaded_AccentedEnding,Fill,0.151515,0.848485,0.6,33,16,0.625495
Base_H16_BackLoaded_Flat,Mirror,0.529412,0.470588,1,17,16,0.58005
Base_H16_BackLoaded_Flat,Complement,0.090909,0.909091,0.5,11,16,0.659226
Base_H16_BackLoaded_Flat,Simplify,0.6,0.4,1,10,16,0.661898
Base_H16_BackLoaded_Flat,Intensify,0.28125,0.71875,1,32,16,0.556716
Base_H16_BackLoaded_Flat,Contrast,0.058824,0.941177,0.5,17,16,0.625421
Base_H16_BackLoaded_Flat,Fill,0.142857,0.857143,1,35,16,0.604758
Base_H16_BackLoaded_Increasing,Mirror,0.647059,0.352941,1,17,16,0.616515
Base_H16_BackLoaded_Increasing,Complement,0.090909,0.909091,0.2,11,16,0.653199
Base_H16_BackLoaded_Increasing,Simplify,0.6,0.4,1,10,16,0.664168
Base_H16_BackLoaded_Increasing,Intensify,0.290323,0.709677,1,31,16,0.562698
Base_H16_BackLoaded_Increasing,Contrast,0.058824,0.941177,0.2,17,16,0.64607
Base_H16_BackLoaded_Increasing,Fill,0.151515,0.848485,0.6,33,16,0.625495
Base_H16_Clustered_AccentedEnding,Mirror,0.588235,0.411765,1,17,16,0.637101
Base_H16_Clustered_AccentedEnding,Complement,0.090909,0.909091,0,11,16,0.61678
Base_H16_Clustered_AccentedEnding,Simplify,0.6,0.4,1,5,16,0.777394
Base_H16_Clustered_AccentedEnding,Intensify,0.384615,0.615385,1,26,16,0.549829
Base_H16_Clustered_AccentedEnding,Contrast,0.071429,0.928571,0,14,16,0.618002
Base_H16_Clustered_AccentedEnding,Fill,0.333333,0.666667,1,24,16,0.512315
Base_H16_Clustered_Flat,Mirror,0.588235,0.411765,1,17,16,0.644244
Base_H16_Clustered_Flat,Complement,0.090909,0.909091,0,11,16,0.612794
Base_H16_Clustered_Flat,Simplify,0.6,0.4,1,5,16,0.775583
Base_H16_Clustered_Flat,Intensify,0.384615,0.615385,1,26,16,0.544657
Base_H16_Clustered_Flat,Contrast,0.071429,0.928571,0,14,16,0.612929
Base_H16_Clustered_Flat,Fill,0.304348,0.695652,1,23,16,0.503416
Base_H16_Clustered_Increasing,Mirror,0.588235,0.411765,1,17,16,0.637101
Base_H16_Clustered_Increasing,Complement,0.090909,0.909091,0,11,16,0.61678
Base_H16_Clustered_Increasing,Simplify,0.6,0.4,1,5,16,0.777394
Base_H16_Clustered_Increasing,Intensify,0.384615,0.615385,1,26,16,0.549829
Base_H16_Clustered_Increasing,Contrast,0.071429,0.928571,0,14,16,0.618002
Base_H16_Clustered_Increasing,Fill,0.333333,0.666667,1,24,16,0.512315
Base_H16_Even_AccentedEnding,Mirror,0.411765,0.588235,1,17,16,0.550291
Base_H16_Even_AccentedEnding,Complement,0,1,0,11,16,0.607629
Base_H16_Even_AccentedEnding,Simplify,0.3,0.7,1,10,16,0.607912
Base_H16_Even_AccentedEnding,Intensify,0.193548,0.806452,1,31,16,0.536311
Base_H16_Even_AccentedEnding,Contrast,0.058824,0.941177,0.5,17,16,0.52237
Base_H16_Even_AccentedEnding,Fill,0.030303,0.969697,0.5,33,16,0.599973
Base_H16_Even_Flat,Mirror,0.411765,0.588235,1,17,16,0.562055
Base_H16_Even_Flat,Complement,0,1,0,11,16,0.589847
Base_H16_Even_Flat,Simplify,0.2,0.8,1,10,16,0.566912
Base_H16_Even_Flat,Intensify,0.1875,0.8125,1,32,16,0.558545
Base_H16_Even_Flat,Contrast,0.058824,0.941177,1,17,16,0.509611
Base_H16_Even_Flat,Fill,0.030303,0.969697,1,33,16,0.595952
Base_H16_Even_Increasing,Mirror,0.411765,0.588235,1,17,16,0.550291
Base_H16_Even_Increasing,Complement,0,1,0,11,16,0.607629
Base_H16_Even_Increasing,Simplify,0.3,0.7,1,10,16,0.607912
Base_H16_Even_Increasing,Intensify,0.193548,0.806452,1,31,16,0.536311
Base_H16_Even_Increasing,Contrast,0.058824,0.941177,0.5,17,16,0.52237
Base_H16_Even_Increasing,Fill,0.030303,0.969697,0.5,33,16,0.599973
Base_H16_FrontLoaded_AccentedEnding,Mirror,0.647059,0.352941,1,17,16,0.616515
Base_H16_FrontLoaded_AccentedEnding,Complement,0.090909,0.909091,0,11,16,0.653199
Base_H16_FrontLoaded_AccentedEnding,Simplify,0.6,0.4,1,10,16,0.656941
Base_H16_FrontLoaded_AccentedEnding,Intensify,0.322581,0.677419,1,31,16,0.570503
Base_H16_FrontLoaded_AccentedEnding,Contrast,0.058824,0.941177,0,17,16,0.628754
Base_H16_FrontLoaded_AccentedEnding,Fill,0.151515,0.848485,0.75,33,16,0.608756
Base_H16_FrontLoaded_Flat,Mirror,0.588235,0.411765,1,17,16,0.602755
Base_H16_FrontLoaded_Flat,Complement,0.090909,0.909091,0,11,16,0.655417
Base_H16_FrontLoaded_Flat,Simplify,0.6,0.4,1,10,16,0.658957
Base_H16_FrontLoaded_Flat,Intensify,0.3125,0.6875,1,32,16,0.575206
Base_H16_FrontLoaded_Flat,Contrast,0.058824,0.941177,0,17,16,0.621741
Base_H16_FrontLoaded_Flat,Fill,0.151515,0.848485,1,33,16,0.597131
Base_H16_FrontLoaded_Increasing,Mirror,0.647059,0.352941,1,17,16,0.616515
Base_H16_FrontLoaded_Increasing,Complement,0.090909,0.909091,0.2,11,16,0.653199
Base_H16_FrontLoaded_Increasing,Simplify,0.6,0.4,1,10,16,0.656941
Base_H16_FrontLoaded_Increasing,Intensify,0.322581,0.677419,1,31,16,0.570503
Base_H16_FrontLoaded_Increasing,Contrast,0.058824,0.941177,0.2,17,16,0.628754
Base_H16_FrontLoaded_Increasing,Fill,0.151515,0.848485,0.8,33,16,0.608756
Base_H20_AnchorLed_AccentedEnding,Mirror,0.619048,0.380952,1,21,20,0.573279
Base_H20_AnchorLed_AccentedEnding,Complement,0.166667,0.833333,1,12,20,0.528502
Base_H20_AnchorLed_AccentedEnding,Simplify,0.333333,0.666667,1,6,20,0.643867
Base_H20_AnchorLed_AccentedEnding,Intensify,0.481482,0.518519,1,27,20,0.508813
Base_H20_AnchorLed_AccentedEnding,Contrast,0.166667,0.833333,1,12,20,0.557576
Base_H20_AnchorLed_AccentedEnding,Fill,0.409091,0.590909,1,22,20,0.495638
Base_H20_AnchorLed_Flat,Mirror,0.619048,0.380952,1,21,20,0.573279
Base_H20_AnchorLed_Flat,Complement,0.166667,0.833333,1,12,20,0.528502
Base_H20_AnchorLed_Flat,Simplify,0.333333,0.666667,1,6,20,0.643867
Base_H20_AnchorLed_Flat,Intensify,0.481482,0.518519,1,27,20,0.508813
Base_H20_AnchorLed_Flat,Contrast,0.166667,0.833333,1,12,20,0.557576
Base_H20_AnchorLed_Flat,Fill,0.409091,0.590909,1,22,20,0.495638
Base_H20_AnchorLed_Increasing,Mirror,0.619048,0.380952,1,21,20,0.573279
Base_H20_AnchorLed_Increasing,Complement,0.166667,0.833333,1,12,20,0.528502
Base_H20_AnchorLed_Increasing,Simplify,0.333333,0.666667,1,6,20,0.643867
Base_H20_AnchorLed_Increasing,Intensify,0.481482,0.518519,1,27,20,0.508813
Base_H20_AnchorLed_Increasing,Contrast,0.166667,0.833333,1,12,20,0.557576
Base_H20_AnchorLed_Increasing,Fill,0.409091,0.590909,1,22,20,0.495638
Base_H20_BackLoaded_AccentedEnding,Mirror,0.619048,0.380952,1,21,20,0.64853
Base_H20_BackLoaded_AccentedEnding,Complement,0.133333,0.866667,0.5,15,20,0.573309
Base_H20_BackLoaded_AccentedEnding,Simplify,0.5,0.5,1,10,20,0.674684
Base_H20_BackLoaded_AccentedEnding,Intensify,0.181818,0.818182,0.75,33,20,0.525544
Base_H20_BackLoaded_AccentedEnding,Contrast,0.095238,0.904762,0.5,21,20,0.53838
Base_H20_BackLoaded_AccentedEnding,Fill,0.081081,0.918919,0.75,37,20,0.584238
Base_H20_BackLoaded_Flat,Mirror,0.52381,0.476191,1,21,20,0.610469
Base_H20_BackLoaded_Flat,Complement,0.133333,0.866667,0.666667,15,20,0.563801
Base_H20_BackLoaded_Flat,Simplify,0.4,0.6,1,10,20,0.637256
Base_H20_BackLoaded_Flat,Intensify,0.205882,0.794118,1,34,20,0.522916
Base_H20_BackLoaded_Flat,Contrast,0.095238,0.904762,0.666667,21,20,0.519213
Base_H20_BackLoaded_Flat,Fill,0.076923,0.923077,1,39,20,0.590621
Base_H20_BackLoaded_Increasing,Mirror,0.619048,0.380952,1,21,20,0.64853
Base_H20_BackLoaded_Increasing,Complement,0.133333,0.866667,0.5,15,20,0.573309
Base_H20_BackLoaded_Increasing,Simplify,0.5,0.5,1,10,20,0.674684
Base_H20_BackLoaded_Increasing,Intensify,0.181818,0.818182,0.75,33,20,0.525544
Base_H20_BackLoaded_Increasing,Contrast,0.095238,0.904762,0.5,21,20,0.53838
Base_H20_BackLoaded_Increasing,Fill,0.081081,0.918919,0.75,37,20,0.584238
Base_H20_Clustered_AccentedEnding,Mirror,0.666667,0.333333,1,21,20,0.619924
Base_H20_Clustered_AccentedEnding,Complement,0.142857,0.857143,1,14,20,0.608381
Base_H20_Clustered_AccentedEnding,Simplify,0.6,0.4,1,5,20,0.773549
Base_H20_Clustered_AccentedEnding,Intensify,0.481482,0.518519,1,27,20,0.557987
Base_H20_Clustered_AccentedEnding,Contrast,0.133333,0.866667,1,15,20,0.633648
Base_H20_Clustered_AccentedEnding,Fill,0.346154,0.653846,1,26,20,0.515382
Base_H20_Clustered_Flat,Mirror,0.666667,0.333333,1,21,20,0.626376
Base_H20_Clustered_Flat,Complement,0.142857,0.857143,1,14,20,0.604677
Base_H20_Clustered_Flat,Simplify,0.6,0.4,1,5,20,0.772011
Base_H20_Clustered_Flat,Intensify,0.481482,0.518519,1,27,20,0.564237
Base_H20_Clustered_Flat,Contrast,0.133333,0.866667,1,15,20,0.629032
Base_H20_Clustered_Flat,Fill,0.32,0.68,1,25,20,0.518226
Base_H20_Clustered_Increasing,Mirror,0.666667,0.333333,1,21,20,0.619924
Base_H20_Clustered_Increasing,Complement,0.142857,0.857143,1,14,20,0.608381
Base_H20_Clustered_Increasing,Simplify,0.6,0.4,1,5,20,0.773549
Base_H20_Clustered_Increasing,Intensify,0.481482,0.518519,1,27,20,0.557987
Base_H20_Clustered_Increasing,Contrast,0.133333,0.866667,1,15,20,0.633648
Base_H20_Clustered_Increasing,Fill,0.346154,0.653846,1,26,20,0.515382
Base_H20_Even_AccentedEnding,Mirror,0.428571,0.571429,1,21,20,0.505281
Base_H20_Even_AccentedEnding,Complement,0.133333,0.866667,0.333333,15,20,0.463762
Base_H20_Even_AccentedEnding,Simplify,0.4,0.6,1,10,20,0.639448
Base_H20_Even_AccentedEnding,Intensify,0.212121,0.787879,1,33,20,0.487059
Base_H20_Even_AccentedEnding,Contrast,0.095238,0.904762,0.333333,21,20,0.446791
Base_H20_Even_AccentedEnding,Fill,0.054054,0.945946,0.333333,37,20,0.575162
Base_H20_Even_Flat,Mirror,0.428571,0.571429,1,21,20,0.516556
Base_H20_Even_Flat,Complement,0.133333,0.866667,1,15,20,0.466436
Base_H20_Even_Flat,Simplify,0.4,0.6,1,10,20,0.64123
Base_H20_Even_Flat,Intensify,0.205882,0.794118,1,34,20,0.509387
Base_H20_Even_Flat,Contrast,0.095238,0.904762,1,21,20,0.450535
Base_H20_Even_Flat,Fill,0.054054,0.945946,1,37,20,0.578016
Base_H20_Even_Increasing,Mirror,0.428571,0.571429,1,21,20,0.505281
Base_H20_Even_Increasing,Complement,0.133333,0.866667,0.5,15,20,0.463762
Base_H20_Even_Increasing,Simplify,0.4,0.6,1,10,20,0.639448
Base_H20_Even_Increasing,Intensify,0.212121,0.787879,1,33,20,0.487059
Base_H20_Even_Increasing,Contrast,0.095238,0.904762,0.5,21,20,0.446791
Base_H20_Even_Increasing,Fill,0.054054,0.945946,0.5,37,20,0.575162
Base_H20_FrontLoaded_AccentedEnding,Mirror,0.619048,0.380952,1,21,20,0.641607
Base_H20_FrontLoaded_AccentedEnding,Complement,0.133333,0.866667,0.333333,15,20,0.585309
Base_H20_FrontLoaded_AccentedEnding,Simplify,0.5,0.5,1,10,20,0.667019
Base_H20_FrontLoaded_AccentedEnding,Intensify,0.242424,0.757576,1,33,20,0.518708
Base_H20_FrontLoaded_AccentedEnding,Contrast,0.095238,0.904762,0.333333,21,20,0.55038
Base_H20_FrontLoaded_AccentedEnding,Fill,0.081081,0.918919,0.666667,37,20,0.59199
Base_H20_FrontLoaded_Flat,Mirror,0.619048,0.380952,1,21,20,0.650238
Base_H20_FrontLoaded_Flat,Complement,0.133333,0.866667,0.5,15,20,0.571643
Base_H20_FrontLoaded_Flat,Simplify,0.4,0.6,1,10,20,0.634887
Base_H20_FrontLoaded_Flat,Intensify,0.264706,0.735294,1,34,20,0.538392
Base_H20_FrontLoaded_Flat,Contrast,0.095238,0.904762,0.5,21,20,0.542892
Base_H20_FrontLoaded_Flat,Fill,0.081081,0.918919,1,37,20,0.588501
Base_H20_FrontLoaded_Increasing,Mirror,0.619048,0.380952,1,21,20,0.641607
Base_H20_FrontLoaded_Increasing,Complement,0.133333,0.866667,0.333333,15,20,0.585309
Base_H20_FrontLoaded_Increasing,Simplify,0.5,0.5,1,10,20,0.667019
Base_H20_FrontLoaded_Increasing,Intensify,0.242424,0.757576,1,33,20,0.518708
Base_H20_FrontLoaded_Increasing,Contrast,0.095238,0.904762,0.333333,21,20,0.55038
Base_H20_FrontLoaded_Increasing,Fill,0.081081,0.918919,0.666667,37,20,0.59199
Base_H24_AnchorLed_AccentedEnding,Mirror,0.64,0.36,1,25,24,0.563751
Base_H24_AnchorLed_AccentedEnding,Complement,0.142857,0.857143,1,14,24,0.615232
Base_H24_AnchorLed_AccentedEnding,Simplify,0.666667,0.333333,1,6,24,0.754857
Base_H24_AnchorLed_AccentedEnding,Intensify,0.566667,0.433333,1,30,24,0.530161
Base_H24_AnchorLed_AccentedEnding,Contrast,0.166667,0.833333,1,12,24,0.652759
Base_H24_AnchorLed_AccentedEnding,Fill,0.416667,0.583333,1,24,24,0.504063
Base_H24_AnchorLed_Flat,Mirror,0.64,0.36,1,25,24,0.563751
Base_H24_AnchorLed_Flat,Complement,0.142857,0.857143,1,14,24,0.615232
Base_H24_AnchorLed_Flat,Simplify,0.666667,0.333333,1,6,24,0.754857
Base_H24_AnchorLed_Flat,Intensify,0.566667,0.433333,1,30,24,0.530161
Base_H24_AnchorLed_Flat,Contrast,0.166667,0.833333,1,12,24,0.652759
Base_H24_AnchorLed_Flat,Fill,0.416667,0.583333,1,24,24,0.504063
Base_H24_AnchorLed_Increasing,Mirror,0.64,0.36,1,25,24,0.563751
Base_H24_AnchorLed_Increasing,Complement,0.142857,0.857143,1,14,24,0.615232
Base_H24_AnchorLed_Increasing,Simplify,0.666667,0.333333,1,6,24,0.754857
Base_H24_AnchorLed_Increasing,Intensify,0.566667,0.433333,1,30,24,0.530161
Base_H24_AnchorLed_Increasing,Contrast,0.166667,0.833333,1,12,24,0.652759
Base_H24_AnchorLed_Increasing,Fill,0.416667,0.583333,1,24,24,0.504063
Base_H24_BackLoaded_AccentedEnding,Mirror,0.44,0.56,1,25,24,0.573311
Base_H24_BackLoaded_AccentedEnding,Complement,0.105263,0.894737,0.666667,19,24,0.503598
Base_H24_BackLoaded_AccentedEnding,Simplify,0.4,0.6,1,10,24,0.699973
Base_H24_BackLoaded_AccentedEnding,Intensify,0.162162,0.837838,0.666667,37,24,0.501188
Base_H24_BackLoaded_AccentedEnding,Contrast,0.08,0.92,0.666667,25,24,0.451075
Base_H24_BackLoaded_AccentedEnding,Fill,0.04878,0.95122,0.666667,41,24,0.572758
Base_H24_BackLoaded_Flat,Mirror,0.32,0.68,1,25,24,0.521616
Base_H24_BackLoaded_Flat,Complement,0.105263,0.894737,1,19,24,0.496387
Base_H24_BackLoaded_Flat,Simplify,0.3,0.7,1,10,24,0.667229
Base_H24_BackLoaded_Flat,Intensify,0.157895,0.842105,1,38,24,0.483142
Base_H24_BackLoaded_Flat,Contrast,0.08,0.92,1,25,24,0.43195
Base_H24_BackLoaded_Flat,Fill,0.046512,0.953488,1,43,24,0.565796
Base_H24_BackLoaded_Increasing,Mirror,0.44,0.56,1,25,24,0.573311
Base_H24_BackLoaded_Increasing,Complement,0.105263,0.894737,0.666667,19,24,0.503598
Base_H24_BackLoaded_Increasing,Simplify,0.4,0.6,1,10,24,0.699973
Base_H24_BackLoaded_Increasing,Intensify,0.162162,0.837838,0.666667,37,24,0.501188
Base_H24_BackLoaded_Increasing,Contrast,0.08,0.92,0.666667,25,24,0.451075
Base_H24_BackLoaded_Increasing,Fill,0.04878,0.95122,0.666667,41,24,0.572758
Base_H24_Clustered_AccentedEnding,Mirror,0.64,0.36,1,25,24,0.592703
Base_H24_Clustered_AccentedEnding,Complement,0.125,0.875,0,16,24,0.645805
Base_H24_Clustered_AccentedEnding,Simplify,0.666667,0.333333,1,6,24,0.782754
Base_H24_Clustered_AccentedEnding,Intensify,0.5,0.5,1,32,24,0.56389
Base_H24_Clustered_AccentedEnding,Contrast,0.125,0.875,1,16,24,0.640238
Base_H24_Clustered_AccentedEnding,Fill,0.357143,0.642857,1,28,24,0.522897
Base_H24_Clustered_Flat,Mirror,0.64,0.36,0,25,24,0.592703
Base_H24_Clustered_Flat,Complement,0.125,0.875,0,16,24,0.645805
Base_H24_Clustered_Flat,Simplify,0.666667,0.333333,0,6,24,0.782754
Base_H24_Clustered_Flat,Intensify,0.5,0.5,0,32,24,0.56389
Base_H24_Clustered_Flat,Contrast,0.125,0.875,0,16,24,0.640238
Base_H24_Clustered_Flat,Fill,0.357143,0.642857,0,28,24,0.522897
Base_H24_Clustered_Increasing,Mirror,0.64,0.36,0,25,24,0.592703
Base_H24_Clustered_Increasing,Complement,0.125,0.875,0,16,24,0.645805
Base_H24_Clustered_Increasing,Simplify,0.666667,0.333333,0,6,24,0.782754
Base_H24_Clustered_Increasing,Intensify,0.5,0.5,0,32,24,0.56389
Base_H24_Clustered_Increasing,Contrast,0.125,0.875,0,16,24,0.640238
Base_H24_Clustered_Increasing,Fill,0.357143,0.642857,0,28,24,0.522897
Base_H24_Even_AccentedEnding,Mirror,0.52,0.48,1,25,24,0.585043
Base_H24_Even_AccentedEnding,Complement,0.105263,0.894737,0.5,19,24,0.48309
Base_H24_Even_AccentedEnding,Simplify,0.4,0.6,1,10,24,0.693287
Base_H24_Even_AccentedEnding,Intensify,0.27027,0.72973,1,37,24,0.486108
Base_H24_Even_AccentedEnding,Contrast,0.08,0.92,0.5,25,24,0.453877
Base_H24_Even_AccentedEnding,Fill,0.04878,0.95122,0.5,41,24,0.58231
Base_H24_Even_Flat,Mirror,0.52,0.48,1,25,24,0.595043
Base_H24_Even_Flat,Complement,0.105263,0.894737,1,19,24,0.485793
Base_H24_Even_Flat,Simplify,0.4,0.6,1,10,24,0.694709
Base_H24_Even_Flat,Intensify,0.263158,0.736842,1,38,24,0.505985
Base_H24_Even_Flat,Contrast,0.08,0.92,1,25,24,0.457433
Base_H24_Even_Flat,Fill,0.04878,0.95122,1,41,24,0.584506
Base_H24_Even_Increasing,Mirror,0.52,0.48,1,25,24,0.585043
Base_H24_Even_Increasing,Complement,0.105263,0.894737,0.5,19,24,0.48309
Base_H24_Even_Increasing,Simplify,0.4,0.6,1,10,24,0.693287
Base_H24_Even_Increasing,Intensify,0.27027,0.72973,1,37,24,0.486108
Base_H24_Even_Increasing,Contrast,0.08,0.92,0.5,25,24,0.453877
Base_H24_Even_Increasing,Fill,0.04878,0.95122,0.5,41,24,0.58231
Base_H24_FrontLoaded_AccentedEnding,Mirror,0.36,0.64,1,25,24,0.523783
Base_H24_FrontLoaded_AccentedEnding,Complement,0.105263,0.894737,0.666667,19,24,0.496567
Base_H24_FrontLoaded_AccentedEnding,Simplify,0.363636,0.636364,1,11,24,0.658299
Base_H24_FrontLoaded_AccentedEnding,Intensify,0.216216,0.783784,1,37,24,0.464387
Base_H24_FrontLoaded_AccentedEnding,Contrast,0.08,0.92,0.666667,25,24,0.434755
Base_H24_FrontLoaded_AccentedEnding,Fill,0.04878,0.95122,0.666667,41,24,0.556505
Base_H24_FrontLoaded_Flat,Mirror,0.32,0.68,1,25,24,0.527778
Base_H24_FrontLoaded_Flat,Complement,0.105263,0.894737,1,19,24,0.494984
Base_H24_FrontLoaded_Flat,Simplify,0.3,0.7,1,10,24,0.66528
Base_H24_FrontLoaded_Flat,Intensify,0.210526,0.789474,1,38,24,0.484789
Base_H24_FrontLoaded_Flat,Contrast,0.08,0.92,1,25,24,0.426277
Base_H24_FrontLoaded_Flat,Fill,0.04878,0.95122,1,41,24,0.545658
Base_H24_FrontLoaded_Increasing,Mirror,0.36,0.64,1,25,24,0.523783
Base_H24_FrontLoaded_Increasing,Complement,0.105263,0.894737,0.666667,19,24,0.496567
Base_H24_FrontLoaded_Increasing,Simplify,0.363636,0.636364,1,11,24,0.658299
Base_H24_FrontLoaded_Increasing,Intensify,0.216216,0.783784,1,37,24,0.464387
Base_H24_FrontLoaded_Increasing,Contrast,0.08,0.92,0.666667,25,24,0.434755
Base_H24_FrontLoaded_Increasing,Fill,0.04878,0.95122,0.666667,41,24,0.556505
Base_H28_AnchorLed_AccentedEnding,Mirror,0.689655,0.310345,1,29,28,0.60765
Base_H28_AnchorLed_AccentedEnding,Complement,0.176471,0.823529,1,17,28,0.650994
Base_H28_AnchorLed_AccentedEnding,Simplify,1,0,1,6,28,0.822173
Base_H28_AnchorLed_AccentedEnding,Intensify,0.558824,0.441177,1,34,28,0.552299
Base_H28_AnchorLed_AccentedEnding,Contrast,0.166667,0.833333,1,12,28,0.709359
Base_H28_AnchorLed_AccentedEnding,Fill,0.423077,0.576923,1,26,28,0.526098
Base_H28_AnchorLed_Flat,Mirror,0.689655,0.310345,1,29,28,0.60765
Base_H28_AnchorLed_Flat,Complement,0.176471,0.823529,1,17,28,0.650994
Base_H28_AnchorLed_Flat,Simplify,1,0,1,6,28,0.822173
Base_H28_AnchorLed_Flat,Intensify,0.558824,0.441177,1,34,28,0.552299
Base_H28_AnchorLed_Flat,Contrast,0.166667,0.833333,1,12,28,0.709359
Base_H28_AnchorLed_Flat,Fill,0.423077,0.576923,1,26,28,0.526098
Base_H28_AnchorLed_Increasing,Mirror,0.689655,0.310345,1,29,28,0.60765
Base_H28_AnchorLed_Increasing,Complement,0.176471,0.823529,1,17,28,0.650994
Base_H28_AnchorLed_Increasing,Simplify,1,0,1,6,28,0.822173
Base_H28_AnchorLed_Increasing,Intensify,0.558824,0.441177,1,34,28,0.552299
Base_H28_AnchorLed_Increasing,Contrast,0.166667,0.833333,1,12,28,0.709359
Base_H28_AnchorLed_Increasing,Fill,0.423077,0.576923,1,26,28,0.526098
Base_H28_BackLoaded_AccentedEnding,Mirror,0.62069,0.37931,1,29,28,0.618941
Base_H28_BackLoaded_AccentedEnding,Complement,0.130435,0.869565,0.2,23,28,0.545729
Base_H28_BackLoaded_AccentedEnding,Simplify,0.642857,0.357143,1,14,28,0.706666
Base_H28_BackLoaded_AccentedEnding,Intensify,0.292683,0.707317,0.8,41,28,0.548318
Base_H28_BackLoaded_AccentedEnding,Contrast,0.068966,0.931035,0.2,29,28,0.608137
Base_H28_BackLoaded_AccentedEnding,Fill,0.111111,0.888889,0.6,45,28,0.61102
Base_H28_BackLoaded_Flat,Mirror,0.586207,0.413793,1,29,28,0.598976
Base_H28_BackLoaded_Flat,Complement,0.130435,0.869565,0.5,23,28,0.538549
Base_H28_BackLoaded_Flat,Simplify,0.642857,0.357143,1,14,28,0.703505
Base_H28_BackLoaded_Flat,Intensify,0.285714,0.714286,1,42,28,0.543552
Base_H28_BackLoaded_Flat,Contrast,0.068966,0.931035,0.5,29,28,0.601736
Base_H28_BackLoaded_Flat,Fill,0.106383,0.893617,1,47,28,0.606081
Base_H28_BackLoaded_Increasing,Mirror,0.62069,0.37931,1,29,28,0.618941
Base_H28_BackLoaded_Increasing,Complement,0.130435,0.869565,0.25,23,28,0.545729
Base_H28_BackLoaded_Increasing,Simplify,0.642857,0.357143,1,14,28,0.706666
Base_H28_BackLoaded_Increasing,Intensify,0.292683,0.707317,0.75,41,28,0.548318
Base_H28_BackLoaded_Increasing,Contrast,0.068966,0.931035,0.25,29,28,0.608137
Base_H28_BackLoaded_Increasing,Fill,0.111111,0.888889,0.5,45,28,0.61102
Base_H28_Clustered_AccentedEnding,Mirror,0.62069,0.37931,1,29,28,0.59764
Base_H28_Clustered_AccentedEnding,Complement,0.142857,0.857143,0,21,28,0.592955
Base_H28_Clustered_AccentedEnding,Simplify,0.5,0.5,1,8,28,0.737482
Base_H28_Clustered_AccentedEnding,Intensify,0.421053,0.578947,1,38,28,0.51713
Base_H28_Clustered_AccentedEnding,Contrast,0.1,0.9,1,20,28,0.599609
Base_H28_Clustered_AccentedEnding,Fill,0.323529,0.676471,1,34,28,0.486777
Base_H28_Clustered_Flat,Mirror,0.62069,0.37931,0,29,28,0.595201
Base_H28_Clustered_Flat,Complement,0.142857,0.857143,0,21,28,0.598361
Base_H28_Clustered_Flat,Simplify,0.5,0.5,0,8,28,0.736056
Base_H28_Clustered_Flat,Intensify,0.421053,0.578947,0,38,28,0.522008
Base_H28_Clustered_Flat,Contrast,0.1,0.9,0,20,28,0.596044
Base_H28_Clustered_Flat,Fill,0.333333,0.666667,0,33,28,0.489631
Base_H28_Clustered_Increasing,Mirror,0.62069,0.37931,0,29,28,0.59764
Base_H28_Clustered_Increasing,Complement,0.142857,0.857143,0,21,28,0.592955
Base_H28_Clustered_Increasing,Simplify,0.5,0.5,0,8,28,0.737482
Base_H28_Clustered_Increasing,Intensify,0.421053,0.578947,0,38,28,0.51713
Base_H28_Clustered_Increasing,Contrast,0.1,0.9,0,20,28,0.599609
Base_H28_Clustered_Increasing,Fill,0.323529,0.676471,0,34,28,0.486777
Base_H28_Even_AccentedEnding,Mirror,0.448276,0.551724,1,29,28,0.520293
Base_H28_Even_AccentedEnding,Complement,0.130435,0.869565,0.666667,23,28,0.448418
Base_H28_Even_AccentedEnding,Simplify,0.428571,0.571429,1,14,28,0.644101
Base_H28_Even_AccentedEnding,Intensify,0.243902,0.756098,1,41,28,0.488465
Base_H28_Even_AccentedEnding,Contrast,0.068966,0.931035,0.333333,29,28,0.462727
Base_H28_Even_AccentedEnding,Fill,0.066667,0.933333,0.666667,45,28,0.55221
Base_H28_Even_Flat,Mirror,0.448276,0.551724,1,29,28,0.529779
Base_H28_Even_Flat,Complement,0.130435,0.869565,1,23,28,0.439705
Base_H28_Even_Flat,Simplify,0.357143,0.642857,1,14,28,0.620968
Base_H28_Even_Flat,Intensify,0.238095,0.761905,1,42,28,0.501155
Base_H28_Even_Flat,Contrast,0.068966,0.931035,0.5,29,28,0.456999
Base_H28_Even_Flat,Fill,0.066667,0.933333,1,45,28,0.543471
Base_H28_Even_Increasing,Mirror,0.448276,0.551724,1,29,28,0.520293
Base_H28_Even_Increasing,Complement,0.130435,0.869565,0.75,23,28,0.448418
Base_H28_Even_Increasing,Simplify,0.428571,0.571429,1,14,28,0.644101
Base_H28_Even_Increasing,Intensify,0.243902,0.756098,1,41,28,0.488465
Base_H28_Even_Increasing,Contrast,0.068966,0.931035,0.5,29,28,0.462727
Base_H28_Even_Increasing,Fill,0.066667,0.933333,0.75,45,28,0.55221
Base_H28_FrontLoaded_AccentedEnding,Mirror,0.586207,0.413793,1,29,28,0.581074
Base_H28_FrontLoaded_AccentedEnding,Complement,0.130435,0.869565,0.5,23,28,0.524866
Base_H28_FrontLoaded_AccentedEnding,Simplify,0.6,0.4,1,15,28,0.67197
Base_H28_FrontLoaded_AccentedEnding,Intensify,0.317073,0.682927,1,41,28,0.518099
Base_H28_FrontLoaded_AccentedEnding,Contrast,0.068966,0.931035,0.25,29,28,0.579164
Base_H28_FrontLoaded_AccentedEnding,Fill,0.111111,0.888889,0.75,45,28,0.584047
Base_H28_FrontLoaded_Flat,Mirror,0.586207,0.413793,1,29,28,0.596954
Base_H28_FrontLoaded_Flat,Complement,0.130435,0.869565,0.5,23,28,0.534199
Base_H28_FrontLoaded_Flat,Simplify,0.642857,0.357143,1,14,28,0.701904
Base_H28_FrontLoaded_Flat,Intensify,0.309524,0.690476,1,42,28,0.534166
Base_H28_FrontLoaded_Flat,Contrast,0.068966,0.931035,0,29,28,0.586434
Base_H28_FrontLoaded_Flat,Fill,0.111111,0.888889,1,45,28,0.584557
Base_H28_FrontLoaded_Increasing,Mirror,0.586207,0.413793,1,29,28,0.581074
Base_H28_FrontLoaded_Increasing,Complement,0.130435,0.869565,0.6,23,28,0.524866
Base_H28_FrontLoaded_Increasing,Simplify,0.6,0.4,1,15,28,0.67197
Base_H28_FrontLoaded_Increasing,Intensify,0.317073,0.682927,1,41,28,0.518099
Base_H28_FrontLoaded_Increasing,Contrast,0.068966,0.931035,0.4,29,28,0.579164
Base_H28_FrontLoaded_Increasing,Fill,0.111111,0.888889,0.8,45,28,0.584047
Base_H32_AnchorLed_AccentedEnding,Mirror,0.636364,0.363636,1,33,32,0.55243
Base_H32_AnchorLed_AccentedEnding,Complement,0.2,0.8,1,20,32,0.628473
Base_H32_AnchorLed_AccentedEnding,Simplify,1,0,1,6,32,0.815955
Base_H32_AnchorLed_AccentedEnding,Intensify,0.552632,0.447368,1,38,32,0.540469
Base_H32_AnchorLed_AccentedEnding,Contrast,0.214286,0.785714,1,14,32,0.661264
Base_H32_AnchorLed_AccentedEnding,Fill,0.444444,0.555556,1,27,32,0.508777
Base_H32_AnchorLed_Flat,Mirror,0.636364,0.363636,1,33,32,0.55243
Base_H32_AnchorLed_Flat,Complement,0.2,0.8,1,20,32,0.628473
Base_H32_AnchorLed_Flat,Simplify,1,0,1,6,32,0.815955
Base_H32_AnchorLed_Flat,Intensify,0.552632,0.447368,1,38,32,0.540469
Base_H32_AnchorLed_Flat,Contrast,0.214286,0.785714,1,14,32,0.661264
Base_H32_AnchorLed_Flat,Fill,0.444444,0.555556,1,27,32,0.508777
Base_H32_AnchorLed_Increasing,Mirror,0.636364,0.363636,1,33,32,0.55243
Base_H32_AnchorLed_Increasing,Complement,0.2,0.8,1,20,32,0.628473
Base_H32_AnchorLed_Increasing,Simplify,1,0,1,6,32,0.815955
Base_H32_AnchorLed_Increasing,Intensify,0.552632,0.447368,1,38,32,0.540469
Base_H32_AnchorLed_Increasing,Contrast,0.214286,0.785714,1,14,32,0.661264
Base_H32_AnchorLed_Increasing,Fill,0.444444,0.555556,1,27,32,0.508777
Base_H32_BackLoaded_AccentedEnding,Mirror,0.515152,0.484849,1,33,32,0.571125
Base_H32_BackLoaded_AccentedEnding,Complement,0.148148,0.851852,1,27,32,0.422525
Base_H32_BackLoaded_AccentedEnding,Simplify,0.3125,0.6875,1,16,32,0.593492
Base_H32_BackLoaded_AccentedEnding,Intensify,0.217391,0.782609,1,46,32,0.51348
Base_H32_BackLoaded_AccentedEnding,Contrast,0.090909,0.909091,1,33,32,0.459285
Base_H32_BackLoaded_AccentedEnding,Fill,0.058824,0.941177,1,51,32,0.562506
Base_H32_BackLoaded_Flat,Mirror,0.515152,0.484849,1,33,32,0.571125
Base_H32_BackLoaded_Flat,Complement,0.148148,0.851852,1,27,32,0.422525
Base_H32_BackLoaded_Flat,Simplify,0.3125,0.6875,1,16,32,0.593492
Base_H32_BackLoaded_Flat,Intensify,0.217391,0.782609,1,46,32,0.51348
Base_H32_BackLoaded_Flat,Contrast,0.090909,0.909091,1,33,32,0.459285
Base_H32_BackLoaded_Flat,Fill,0.058824,0.941177,1,51,32,0.562506
Base_H32_BackLoaded_Increasing,Mirror,0.515152,0.484849,1,33,32,0.571125
Base_H32_BackLoaded_Increasing,Complement,0.148148,0.851852,1,27,32,0.422525
Base_H32_BackLoaded_Increasing,Simplify,0.3125,0.6875,1,16,32,0.593492
Base_H32_BackLoaded_Increasing,Intensify,0.217391,0.782609,1,46,32,0.51348
Base_H32_BackLoaded_Increasing,Contrast,0.090909,0.909091,1,33,32,0.459285
Base_H32_BackLoaded_Increasing,Fill,0.058824,0.941177,1,51,32,0.562506
Base_H32_Clustered_AccentedEnding,Mirror,0.636364,0.363636,0,33,32,0.564375
Base_H32_Clustered_AccentedEnding,Complement,0.166667,0.833333,0,24,32,0.610689
Base_H32_Clustered_AccentedEnding,Simplify,0.75,0.25,0,8,32,0.780623
Base_H32_Clustered_AccentedEnding,Intensify,0.487805,0.512195,0,41,32,0.516403
Base_H32_Clustered_AccentedEnding,Contrast,0.136364,0.863636,0,22,32,0.610972
Base_H32_Clustered_AccentedEnding,Fill,0.342857,0.657143,0,35,32,0.486703
Base_H32_Clustered_Flat,Mirror,0.636364,0.363636,0,33,32,0.564375
Base_H32_Clustered_Flat,Complement,0.166667,0.833333,0,24,32,0.610689
Base_H32_Clustered_Flat,Simplify,0.75,0.25,0,8,32,0.780623
Base_H32_Clustered_Flat,Intensify,0.487805,0.512195,0,41,32,0.516403
Base_H32_Clustered_Flat,Contrast,0.136364,0.863636,0,22,32,0.610972
Base_H32_Clustered_Flat,Fill,0.342857,0.657143,0,35,32,0.486703
Base_H32_Clustered_Increasing,Mirror,0.636364,0.363636,0,33,32,0.564375
Base_H32_Clustered_Increasing,Complement,0.166667,0.833333,0,24,32,0.610689
Base_H32_Clustered_Increasing,Simplify,0.75,0.25,0,8,32,0.780623
Base_H32_Clustered_Increasing,Intensify,0.487805,0.512195,0,41,32,0.516403
Base_H32_Clustered_Increasing,Contrast,0.136364,0.863636,0,22,32,0.610972
Base_H32_Clustered_Increasing,Fill,0.342857,0.657143,0,35,32,0.486703
Base_H32_Even_AccentedEnding,Mirror,0.363636,0.636364,1,33,32,0.453017
Base_H32_Even_AccentedEnding,Complement,0.148148,0.851852,0.5,27,32,0.410833
Base_H32_Even_AccentedEnding,Simplify,0.294118,0.705882,1,17,32,0.573558
Base_H32_Even_AccentedEnding,Intensify,0.177778,0.822222,0.5,45,32,0.46386
Base_H32_Even_AccentedEnding,Contrast,0.090909,0.909091,0.5,33,32,0.429758
Base_H32_Even_AccentedEnding,Fill,0.040816,0.959184,0.5,49,32,0.530671
Base_H32_Even_Flat,Mirror,0.333333,0.666667,1,33,32,0.442538
Base_H32_Even_Flat,Complement,0.148148,0.851852,1,27,32,0.408817
Base_H32_Even_Flat,Simplify,0.25,0.75,1,16,32,0.571809
Base_H32_Even_Flat,Intensify,0.173913,0.826087,1,46,32,0.460682
Base_H32_Even_Flat,Contrast,0.090909,0.909091,1,33,32,0.421768
Base_H32_Even_Flat,Fill,0.040816,0.959184,1,49,32,0.521314
Base_H32_Even_Increasing,Mirror,0.363636,0.636364,1,33,32,0.453017
Base_H32_Even_Increasing,Complement,0.148148,0.851852,0.5,27,32,0.410833
Base_H32_Even_Increasing,Simplify,0.294118,0.705882,1,17,32,0.573558
Base_H32_Even_Increasing,Intensify,0.177778,0.822222,0.5,45,32,0.46386
Base_H32_Even_Increasing,Contrast,0.090909,0.909091,0.5,33,32,0.429758
Base_H32_Even_Increasing,Fill,0.040816,0.959184,0.5,49,32,0.530671
Base_H32_FrontLoaded_AccentedEnding,Mirror,0.515152,0.484849,1,33,32,0.555801
Base_H32_FrontLoaded_AccentedEnding,Complement,0.148148,0.851852,0.75,27,32,0.419611
Base_H32_FrontLoaded_AccentedEnding,Simplify,0.352941,0.647059,1,17,32,0.586342
Base_H32_FrontLoaded_AccentedEnding,Intensify,0.222222,0.777778,1,45,32,0.461939
Base_H32_FrontLoaded_AccentedEnding,Contrast,0.090909,0.909091,0.5,33,32,0.442063
Base_H32_FrontLoaded_AccentedEnding,Fill,0.061224,0.938776,0.5,49,32,0.529698
Base_H32_FrontLoaded_Flat,Mirror,0.515152,0.484849,1,33,32,0.569269
Base_H32_FrontLoaded_Flat,Complement,0.148148,0.851852,1,27,32,0.418525
Base_H32_FrontLoaded_Flat,Simplify,0.3125,0.6875,1,16,32,0.59142
Base_H32_FrontLoaded_Flat,Intensify,0.217391,0.782609,1,46,32,0.482417
Base_H32_FrontLoaded_Flat,Contrast,0.090909,0.909091,1,33,32,0.442208
Base_H32_FrontLoaded_Flat,Fill,0.061224,0.938776,1,49,32,0.530747
Base_H32_FrontLoaded_Increasing,Mirror,0.515152,0.484849,1,33,32,0.561862
Base_H32_FrontLoaded_Increasing,Complement,0.148148,0.851852,0.75,27,32,0.415916
Base_H32_FrontLoaded_Increasing,Simplify,0.3125,0.6875,0.75,16,32,0.589874
Base_H32_FrontLoaded_Increasing,Intensify,0.222222,0.777778,1,45,32,0.466383
Base_H32_FrontLoaded_Increasing,Contrast,0.090909,0.909091,0.5,33,32,0.43984
Base_H32_FrontLoaded_Increasing,Fill,0.061224,0.938776,0.5,49,32,0.528643
Base_H36_AnchorLed_AccentedEnding,Mirror,0.666667,0.333333,1,36,36,0.559514
Base_H36_AnchorLed_AccentedEnding,Complement,0.190476,0.809524,1,21,36,0.633286
Base_H36_AnchorLed_AccentedEnding,Simplify,0.857143,0.142857,1,7,36,0.78346
Base_H36_AnchorLed_AccentedEnding,Intensify,0.641026,0.358974,1,39,36,0.532565
Base_H36_AnchorLed_AccentedEnding,Contrast,0.230769,0.769231,1,13,36,0.695662
Base_H36_AnchorLed_AccentedEnding,Fill,0.448276,0.551724,1,29,36,0.534618
Base_H36_AnchorLed_Flat,Mirror,0.666667,0.333333,1,36,36,0.559514
Base_H36_AnchorLed_Flat,Complement,0.190476,0.809524,1,21,36,0.633286
Base_H36_AnchorLed_Flat,Simplify,0.857143,0.142857,1,7,36,0.78346
Base_H36_AnchorLed_Flat,Intensify,0.641026,0.358974,1,39,36,0.532565
Base_H36_AnchorLed_Flat,Contrast,0.230769,0.769231,1,13,36,0.695662
Base_H36_AnchorLed_Flat,Fill,0.448276,0.551724,1,29,36,0.534618
Base_H36_AnchorLed_Increasing,Mirror,0.666667,0.333333,1,36,36,0.559514
Base_H36_AnchorLed_Increasing,Complement,0.190476,0.809524,1,21,36,0.633286
Base_H36_AnchorLed_Increasing,Simplify,0.857143,0.142857,1,7,36,0.78346
Base_H36_AnchorLed_Increasing,Intensify,0.641026,0.358974,1,39,36,0.532565
Base_H36_AnchorLed_Increasing,Contrast,0.230769,0.769231,1,13,36,0.695662
Base_H36_AnchorLed_Increasing,Fill,0.448276,0.551724,1,29,36,0.534618
Base_H36_BackLoaded_AccentedEnding,Mirror,0.611111,0.388889,1,36,36,0.63042
Base_H36_BackLoaded_AccentedEnding,Complement,0.129032,0.870968,1,31,36,0.487442
Base_H36_BackLoaded_AccentedEnding,Simplify,0.375,0.625,1,16,36,0.643602
Base_H36_BackLoaded_AccentedEnding,Intensify,0.282609,0.717391,1,46,36,0.552066
Base_H36_BackLoaded_AccentedEnding,Contrast,0.083333,0.916667,1,36,36,0.490177
Base_H36_BackLoaded_AccentedEnding,Fill,0.056604,0.943396,1,53,36,0.573869
Base_H36_BackLoaded_Flat,Mirror,0.611111,0.388889,1,36,36,0.63042
Base_H36_BackLoaded_Flat,Complement,0.129032,0.870968,1,31,36,0.487442
Base_H36_BackLoaded_Flat,Simplify,0.375,0.625,1,16,36,0.643602
Base_H36_BackLoaded_Flat,Intensify,0.282609,0.717391,1,46,36,0.552066
Base_H36_BackLoaded_Flat,Contrast,0.083333,0.916667,1,36,36,0.490177
Base_H36_BackLoaded_Flat,Fill,0.056604,0.943396,1,53,36,0.573869
Base_H36_BackLoaded_Increasing,Mirror,0.611111,0.388889,1,36,36,0.63042
Base_H36_BackLoaded_Increasing,Complement,0.129032,0.870968,1,31,36,0.487442
Base_H36_BackLoaded_Increasing,Simplify,0.375,0.625,1,16,36,0.643602
Base_H36_BackLoaded_Increasing,Intensify,0.282609,0.717391,1,46,36,0.552066
Base_H36_BackLoaded_Increasing,Contrast,0.083333,0.916667,1,36,36,0.490177
Base_H36_BackLoaded_Increasing,Fill,0.056604,0.943396,1,53,36,0.573869
Base_H36_Clustered_AccentedEnding,Mirror,0.666667,0.333333,0,36,36,0.566389
Base_H36_Clustered_AccentedEnding,Complement,0.16,0.84,0,25,36,0.633469
Base_H36_Clustered_AccentedEnding,Simplify,0.888889,0.111111,0,9,36,0.793337
Base_H36_Clustered_AccentedEnding,Intensify,0.585366,0.414634,0,41,36,0.539437
Base_H36_Clustered_AccentedEnding,Contrast,0.136364,0.863636,0,22,36,0.667794
Base_H36_Clustered_AccentedEnding,Fill,0.351351,0.648649,0,37,36,0.521028
Base_H36_Clustered_Flat,Mirror,0.666667,0.333333,0,36,36,0.570556
Base_H36_Clustered_Flat,Complement,0.16,0.84,0,25,36,0.63823
Base_H36_Clustered_Flat,Simplify,0.888889,0.111111,0,9,36,0.791985
Base_H36_Clustered_Flat,Intensify,0.585366,0.414634,0,41,36,0.537151
Base_H36_Clustered_Flat,Contrast,0.136364,0.863636,0,22,36,0.66449
Base_H36_Clustered_Flat,Fill,0.361111,0.638889,0,36,36,0.523016
Base_H36_Clustered_Increasing,Mirror,0.666667,0.333333,0,36,36,0.566389
Base_H36_Clustered_Increasing,Complement,0.16,0.84,0,25,36,0.633469
Base_H36_Clustered_Increasing,Simplify,0.888889,0.111111,0,9,36,0.793337
Base_H36_Clustered_Increasing,Intensify,0.585366,0.414634,0,41,36,0.539437
Base_H36_Clustered_Increasing,Contrast,0.136364,0.863636,0,22,36,0.667794
Base_H36_Clustered_Increasing,Fill,0.351351,0.648649,0,37,36,0.521028
Base_H36_Even_AccentedEnding,Mirror,0.583333,0.416667,1,36,36,0.600048
Base_H36_Even_AccentedEnding,Complement,0.133333,0.866667,0.5,30,36,0.49297
Base_H36_Even_AccentedEnding,Simplify,0.470588,0.529412,1,17,36,0.656849
Base_H36_Even_AccentedEnding,Intensify,0.282609,0.717391,0.75,46,36,0.507113
Base_H36_Even_AccentedEnding,Contrast,0.083333,0.916667,0.5,36,36,0.503002
Base_H36_Even_AccentedEnding,Fill,0.075472,0.924528,0.5,53,36,0.537908
Base_H36_Even_Flat,Mirror,0.555556,0.444444,1,36,36,0.589031
Base_H36_Even_Flat,Complement,0.133333,0.866667,1,30,36,0.476704
Base_H36_Even_Flat,Simplify,0.4375,0.5625,1,16,36,0.659228
Base_H36_Even_Flat,Intensify,0.270833,0.729167,1,48,36,0.485079
Base_H36_Even_Flat,Contrast,0.083333,0.916667,1,36,36,0.489099
Base_H36_Even_Flat,Fill,0.075472,0.924528,1,53,36,0.526957
Base_H36_Even_Increasing,Mirror,0.583333,0.416667,1,36,36,0.600048
Base_H36_Even_Increasing,Complement,0.133333,0.866667,0.5,30,36,0.49297
Base_H36_Even_Increasing,Simplify,0.470588,0.529412,1,17,36,0.656849
Base_H36_Even_Increasing,Intensify,0.282609,0.717391,0.75,46,36,0.507113
Base_H36_Even_Increasing,Contrast,0.083333,0.916667,0.5,36,36,0.503002
Base_H36_Even_Increasing,Fill,0.075472,0.924528,0.5,53,36,0.537908
Base_H36_FrontLoaded_AccentedEnding,Mirror,0.611111,0.388889,1,36,36,0.624864
Base_H36_FrontLoaded_AccentedEnding,Complement,0.129032,0.870968,0.666667,31,36,0.471806
Base_H36_FrontLoaded_AccentedEnding,Simplify,0.411765,0.588235,1,17,36,0.638676
Base_H36_FrontLoaded_AccentedEnding,Intensify,0.282609,0.717391,1,46,36,0.487435
Base_H36_FrontLoaded_AccentedEnding,Contrast,0.083333,0.916667,0.666667,36,36,0.463133
Base_H36_FrontLoaded_AccentedEnding,Fill,0.056604,0.943396,0.666667,53,36,0.561245
Base_H36_FrontLoaded_Flat,Mirror,0.583333,0.416667,1,36,36,0.619837
Base_H36_FrontLoaded_Flat,Complement,0.129032,0.870968,1,31,36,0.468095
Base_H36_FrontLoaded_Flat,Simplify,0.375,0.625,1,16,36,0.646501
Base_H36_FrontLoaded_Flat,Intensify,0.270833,0.729167,1,48,36,0.501042
Base_H36_FrontLoaded_Flat,Contrast,0.083333,0.916667,1,36,36,0.461205
Base_H36_FrontLoaded_Flat,Fill,0.056604,0.943396,1,53,36,0.550794
Base_H36_FrontLoaded_Increasing,Mirror,0.611111,0.388889,1,36,36,0.63042
Base_H36_FrontLoaded_Increasing,Complement,0.129032,0.870968,0.666667,31,36,0.46931
Base_H36_FrontLoaded_Increasing,Simplify,0.375,0.625,0.666667,16,36,0.643602
Base_H36_FrontLoaded_Increasing,Intensify,0.282609,0.717391,1,46,36,0.491783
Base_H36_FrontLoaded_Increasing,Contrast,0.083333,0.916667,0.666667,36,36,0.461466
Base_H36_FrontLoaded_Increasing,Fill,0.056604,0.943396,0.666667,53,36,0.56043
Base_H40_AnchorLed_AccentedEnding,Mirror,0.675,0.325,1,40,40,0.594937
Base_H40_AnchorLed_AccentedEnding,Complement,0.208333,0.791667,1,24,40,0.605199
Base_H40_AnchorLed_AccentedEnding,Simplify,0.666667,0.333333,1,9,40,0.70164
Base_H40_AnchorLed_AccentedEnding,Intensify,0.627907,0.372093,1,43,40,0.557412
Base_H40_AnchorLed_AccentedEnding,Contrast,0.285714,0.714286,1,14,40,0.627114
Base_H40_AnchorLed_AccentedEnding,Fill,0.466667,0.533333,1,30,40,0.525983
Base_H40_AnchorLed_Flat,Mirror,0.675,0.325,1,40,40,0.594937
Base_H40_AnchorLed_Flat,Complement,0.208333,0.791667,1,24,40,0.605199
Base_H40_AnchorLed_Flat,Simplify,0.666667,0.333333,1,9,40,0.70164
Base_H40_AnchorLed_Flat,Intensify,0.627907,0.372093,1,43,40,0.557412
Base_H40_AnchorLed_Flat,Contrast,0.285714,0.714286,1,14,40,0.627114
Base_H40_AnchorLed_Flat,Fill,0.466667,0.533333,1,30,40,0.525983
Base_H40_AnchorLed_Increasing,Mirror,0.675,0.325,1,40,40,0.594937
Base_H40_AnchorLed_Increasing,Complement,0.208333,0.791667,1,24,40,0.605199
Base_H40_AnchorLed_Increasing,Simplify,0.666667,0.333333,1,9,40,0.70164
Base_H40_AnchorLed_Increasing,Intensify,0.627907,0.372093,1,43,40,0.557412
Base_H40_AnchorLed_Increasing,Contrast,0.285714,0.714286,1,14,40,0.627114
Base_H40_AnchorLed_Increasing,Fill,0.466667,0.533333,1,30,40,0.525983
Base_H40_BackLoaded_AccentedEnding,Mirror,0.675,0.325,1,40,40,0.657586
Base_H40_BackLoaded_AccentedEnding,Complement,0.16129,0.83871,0.666667,31,40,0.512441
Base_H40_BackLoaded_AccentedEnding,Simplify,0.5,0.5,1,16,40,0.67622
Base_H40_BackLoaded_AccentedEnding,Intensify,0.326531,0.673469,1,49,40,0.532451
Base_H40_BackLoaded_AccentedEnding,Contrast,0.1,0.9,0.666667,40,40,0.506144
Base_H40_BackLoaded_AccentedEnding,Fill,0.105263,0.894737,1,57,40,0.547455
Base_H40_BackLoaded_Flat,Mirror,0.675,0.325,1,40,40,0.657586
Base_H40_BackLoaded_Flat,Complement,0.16129,0.83871,1,31,40,0.512441
Base_H40_BackLoaded_Flat,Simplify,0.5,0.5,1,16,40,0.67622
Base_H40_BackLoaded_Flat,Intensify,0.326531,0.673469,1,49,40,0.532451
Base_H40_BackLoaded_Flat,Contrast,0.1,0.9,1,40,40,0.506144
Base_H40_BackLoaded_Flat,Fill,0.105263,0.894737,1,57,40,0.547455
Base_H40_BackLoaded_Increasing,Mirror,0.675,0.325,1,40,40,0.657586
Base_H40_BackLoaded_Increasing,Complement,0.16129,0.83871,0.666667,31,40,0.512441
Base_H40_BackLoaded_Increasing,Simplify,0.5,0.5,1,16,40,0.67622
Base_H40_BackLoaded_Increasing,Intensify,0.326531,0.673469,1,49,40,0.532451
Base_H40_BackLoaded_Increasing,Contrast,0.1,0.9,0.666667,40,40,0.506144
Base_H40_BackLoaded_Increasing,Fill,0.105263,0.894737,1,57,40,0.547455
Base_H40_Clustered_AccentedEnding,Mirror,0.675,0.325,0,40,40,0.612318
Base_H40_Clustered_AccentedEnding,Complement,0.178571,0.821429,0,28,40,0.616872
Base_H40_Clustered_AccentedEnding,Simplify,0.888889,0.111111,0,9,40,0.794077
Base_H40_Clustered_AccentedEnding,Intensify,0.586957,0.413044,0,46,40,0.565013
Base_H40_Clustered_AccentedEnding,Contrast,0.166667,0.833333,0,24,40,0.638776
Base_H40_Clustered_AccentedEnding,Fill,0.368421,0.631579,0,38,40,0.516001
Base_H40_Clustered_Flat,Mirror,0.675,0.325,0,40,40,0.612318
Base_H40_Clustered_Flat,Complement,0.178571,0.821429,0,28,40,0.616872
Base_H40_Clustered_Flat,Simplify,0.888889,0.111111,0,9,40,0.794077
Base_H40_Clustered_Flat,Intensify,0.586957,0.413044,0,46,40,0.565013
Base_H40_Clustered_Flat,Contrast,0.166667,0.833333,0,24,40,0.638776
Base_H40_Clustered_Flat,Fill,0.368421,0.631579,0,38,40,0.516001
Base_H40_Clustered_Increasing,Mirror,0.675,0.325,0,40,40,0.612318
Base_H40_Clustered_Increasing,Complement,0.178571,0.821429,0,28,40,0.616872
Base_H40_Clustered_Increasing,Simplify,0.888889,0.111111,0,9,40,0.794077
Base_H40_Clustered_Increasing,Intensify,0.586957,0.413044,0,46,40,0.565013
Base_H40_Clustered_Increasing,Contrast,0.166667,0.833333,0,24,40,0.638776
Base_H40_Clustered_Increasing,Fill,0.368421,0.631579,0,38,40,0.516001
Base_H40_Even_AccentedEnding,Mirror,0.6,0.4,1,40,40,0.628398
Base_H40_Even_AccentedEnding,Complement,0.15625,0.84375,0.5,32,40,0.505957
Base_H40_Even_AccentedEnding,Simplify,0.4375,0.5625,1,16,40,0.675087
Base_H40_Even_AccentedEnding,Intensify,0.28,0.72,1,50,40,0.509996
Base_H40_Even_AccentedEnding,Contrast,0.1,0.9,1,40,40,0.499806
Base_H40_Even_AccentedEnding,Fill,0.050847,0.949153,0.5,59,40,0.574616
Base_H40_Even_Flat,Mirror,0.6,0.4,1,40,40,0.62718
Base_H40_Even_Flat,Complement,0.15625,0.84375,1,32,40,0.502622
Base_H40_Even_Flat,Simplify,0.4375,0.5625,1,16,40,0.673838
Base_H40_Even_Flat,Intensify,0.28,0.72,1,50,40,0.506719
Base_H40_Even_Flat,Contrast,0.1,0.9,1,40,40,0.495323
Base_H40_Even_Flat,Fill,0.052632,0.947368,1,57,40,0.561054
Base_H40_Even_Increasing,Mirror,0.6,0.4,1,40,40,0.628398
Base_H40_Even_Increasing,Complement,0.15625,0.84375,0.5,32,40,0.505957
Base_H40_Even_Increasing,Simplify,0.4375,0.5625,1,16,40,0.675087
Base_H40_Even_Increasing,Intensify,0.28,0.72,1,50,40,0.509996
Base_H40_Even_Increasing,Contrast,0.1,0.9,1,40,40,0.499806
Base_H40_Even_Increasing,Fill,0.050847,0.949153,0.5,59,40,0.574616
Base_H40_FrontLoaded_AccentedEnding,Mirror,0.675,0.325,1,40,40,0.652586
Base_H40_FrontLoaded_AccentedEnding,Complement,0.16129,0.83871,0.75,31,40,0.525208
Base_H40_FrontLoaded_AccentedEnding,Simplify,0.529412,0.470588,1,17,40,0.671326
Base_H40_FrontLoaded_AccentedEnding,Intensify,0.306123,0.693878,1,49,40,0.549527
Base_H40_FrontLoaded_AccentedEnding,Contrast,0.1,0.9,0.75,40,40,0.522449
Base_H40_FrontLoaded_AccentedEnding,Fill,0.105263,0.894737,0.75,57,40,0.543728
Base_H40_FrontLoaded_Flat,Mirror,0.675,0.325,1,40,40,0.663675
Base_H40_FrontLoaded_Flat,Complement,0.16129,0.83871,1,31,40,0.524527
Base_H40_FrontLoaded_Flat,Simplify,0.5,0.5,1,16,40,0.677526
Base_H40_FrontLoaded_Flat,Intensify,0.3,0.7,1,50,40,0.556287
Base_H40_FrontLoaded_Flat,Contrast,0.1,0.9,1,40,40,0.517958
Base_H40_FrontLoaded_Flat,Fill,0.105263,0.894737,1,57,40,0.539996
Base_H40_FrontLoaded_Increasing,Mirror,0.675,0.325,1,40,40,0.657586
Base_H40_FrontLoaded_Increasing,Complement,0.16129,0.83871,0.8,31,40,0.523023
Base_H40_FrontLoaded_Increasing,Simplify,0.5,0.5,0.8,16,40,0.67622
Base_H40_FrontLoaded_Increasing,Intensify,0.306123,0.693878,1,49,40,0.553608
Base_H40_FrontLoaded_Increasing,Contrast,0.1,0.9,0.8,40,40,0.521237
Base_H40_FrontLoaded_Increasing,Fill,0.105263,0.894737,0.8,57,40,0.542937
Base_H44_AnchorLed_AccentedEnding,Mirror,0.659091,0.340909,1,44,44,0.551057
Base_H44_AnchorLed_AccentedEnding,Complement,0.217391,0.782609,1,23,44,0.57726
Base_H44_AnchorLed_AccentedEnding,Simplify,0.545455,0.454546,1,11,44,0.652083
Base_H44_AnchorLed_AccentedEnding,Intensify,0.604167,0.395833,1,48,44,0.541899
Base_H44_AnchorLed_AccentedEnding,Contrast,0.25,0.75,1,16,44,0.604762
Base_H44_AnchorLed_AccentedEnding,Fill,0.46875,0.53125,1,32,44,0.497286
Base_H44_AnchorLed_Flat,Mirror,0.659091,0.340909,1,44,44,0.551057
Base_H44_AnchorLed_Flat,Complement,0.217391,0.782609,1,23,44,0.57726
Base_H44_AnchorLed_Flat,Simplify,0.545455,0.454546,1,11,44,0.652083
Base_H44_AnchorLed_Flat,Intensify,0.604167,0.395833,1,48,44,0.541899
Base_H44_AnchorLed_Flat,Contrast,0.25,0.75,1,16,44,0.604762
Base_H44_AnchorLed_Flat,Fill,0.46875,0.53125,1,32,44,0.497286
Base_H44_AnchorLed_Increasing,Mirror,0.659091,0.340909,1,44,44,0.551057
Base_H44_AnchorLed_Increasing,Complement,0.217391,0.782609,1,23,44,0.57726
Base_H44_AnchorLed_Increasing,Simplify,0.545455,0.454546,1,11,44,0.652083
Base_H44_AnchorLed_Increasing,Intensify,0.604167,0.395833,1,48,44,0.541899
Base_H44_AnchorLed_Increasing,Contrast,0.25,0.75,1,16,44,0.604762
Base_H44_AnchorLed_Increasing,Fill,0.46875,0.53125,1,32,44,0.497286
Base_H44_BackLoaded_AccentedEnding,Mirror,0.681818,0.318182,1,44,44,0.654978
Base_H44_BackLoaded_AccentedEnding,Complement,0.16129,0.83871,1,31,44,0.522938
Base_H44_BackLoaded_AccentedEnding,Simplify,0.5625,0.4375,1,16,44,0.701416
Base_H44_BackLoaded_AccentedEnding,Intensify,0.38,0.62,1,50,44,0.500803
Base_H44_BackLoaded_AccentedEnding,Contrast,0.090909,0.909091,1,44,44,0.507434
Base_H44_BackLoaded_AccentedEnding,Fill,0.163934,0.836066,1,61,44,0.529309
Base_H44_BackLoaded_Flat,Mirror,0.681818,0.318182,1,44,44,0.654978
Base_H44_BackLoaded_Flat,Complement,0.16129,0.83871,1,31,44,0.522938
Base_H44_BackLoaded_Flat,Simplify,0.5625,0.4375,1,16,44,0.701416
Base_H44_BackLoaded_Flat,Intensify,0.38,0.62,1,50,44,0.500803
Base_H44_BackLoaded_Flat,Contrast,0.090909,0.909091,1,44,44,0.507434
Base_H44_BackLoaded_Flat,Fill,0.163934,0.836066,1,61,44,0.529309
Base_H44_BackLoaded_Increasing,Mirror,0.681818,0.318182,1,44,44,0.654978
Base_H44_BackLoaded_Increasing,Complement,0.16129,0.83871,1,31,44,0.522938
Base_H44_BackLoaded_Increasing,Simplify,0.5625,0.4375,1,16,44,0.701416
Base_H44_BackLoaded_Increasing,Intensify,0.38,0.62,1,50,44,0.500803
Base_H44_BackLoaded_Increasing,Contrast,0.090909,0.909091,1,44,44,0.507434
Base_H44_BackLoaded_Increasing,Fill,0.163934,0.836066,1,61,44,0.529309
Base_H44_Clustered_AccentedEnding,Mirror,0.704545,0.295455,0,44,44,0.622865
Base_H44_Clustered_AccentedEnding,Complement,0.192308,0.807692,0,26,44,0.602965
Base_H44_Clustered_AccentedEnding,Simplify,0.888889,0.111111,0,9,44,0.800997
Base_H44_Clustered_AccentedEnding,Intensify,0.58,0.42,0,50,44,0.56184
Base_H44_Clustered_AccentedEnding,Contrast,0.166667,0.833333,0,24,44,0.643025
Base_H44_Clustered_AccentedEnding,Fill,0.375,0.625,0,40,44,0.513571
Base_H44_Clustered_Flat,Mirror,0.704545,0.295455,0,44,44,0.622865
Base_H44_Clustered_Flat,Complement,0.192308,0.807692,0,26,44,0.602965
Base_H44_Clustered_Flat,Simplify,0.888889,0.111111,0,9,44,0.800997
Base_H44_Clustered_Flat,Intensify,0.58,0.42,0,50,44,0.56184
Base_H44_Clustered_Flat,Contrast,0.166667,0.833333,0,24,44,0.643025
Base_H44_Clustered_Flat,Fill,0.375,0.625,0,40,44,0.513571
Base_H44_Clustered_Increasing,Mirror,0.704545,0.295455,0,44,44,0.622865
Base_H44_Clustered_Increasing,Complement,0.192308,0.807692,0,26,44,0.602965
Base_H44_Clustered_Increasing,Simplify,0.888889,0.111111,0,9,44,0.800997
Base_H44_Clustered_Increasing,Intensify,0.58,0.42,0,50,44,0.56184
Base_H44_Clustered_Increasing,Contrast,0.166667,0.833333,0,24,44,0.643025
Base_H44_Clustered_Increasing,Fill,0.375,0.625,0,40,44,0.513571
Base_H44_Even_AccentedEnding,Mirror,0.613636,0.386364,1,44,44,0.609094
Base_H44_Even_AccentedEnding,Complement,0.16129,0.83871,1,31,44,0.503929
Base_H44_Even_AccentedEnding,Simplify,0.4375,0.5625,1,16,44,0.673567
Base_H44_Even_AccentedEnding,Intensify,0.313726,0.686275,1,51,44,0.485194
Base_H44_Even_AccentedEnding,Contrast,0.090909,0.909091,1,44,44,0.504749
Base_H44_Even_AccentedEnding,Fill,0.174603,0.825397,1,63,44,0.504931
Base_H44_Even_Flat,Mirror,0.613636,0.386364,1,44,44,0.614157
Base_H44_Even_Flat,Complement,0.16129,0.83871,1,31,44,0.500703
Base_H44_Even_Flat,Simplify,0.4375,0.5625,1,16,44,0.671901
Base_H44_Even_Flat,Intensify,0.313726,0.686275,1,51,44,0.491077
Base_H44_Even_Flat,Contrast,0.090909,0.909091,1,44,44,0.50017
Base_H44_Even_Flat,Fill,0.147541,0.852459,1,61,44,0.506405
Base_H44_Even_Increasing,Mirror,0.613636,0.386364,1,44,44,0.609094
Base_H44_Even_Increasing,Complement,0.16129,0.83871,1,31,44,0.503929
Base_H44_Even_Increasing,Simplify,0.4375,0.5625,1,16,44,0.673567
Base_H44_Even_Increasing,Intensify,0.313726,0.686275,1,51,44,0.485194
Base_H44_Even_Increasing,Contrast,0.090909,0.909091,1,44,44,0.504749
Base_H44_Even_Increasing,Fill,0.174603,0.825397,1,63,44,0.504931
Base_H44_FrontLoaded_AccentedEnding,Mirror,0.681818,0.318182,1,44,44,0.650432
Base_H44_FrontLoaded_AccentedEnding,Complement,0.16129,0.83871,0.75,31,44,0.532089
Base_H44_FrontLoaded_AccentedEnding,Simplify,0.588235,0.411765,1,17,44,0.696442
Base_H44_FrontLoaded_AccentedEnding,Intensify,0.32,0.68,1,50,44,0.49305
Base_H44_FrontLoaded_AccentedEnding,Contrast,0.090909,0.909091,0.75,44,44,0.526025
Base_H44_FrontLoaded_AccentedEnding,Fill,0.163934,0.836066,0.75,61,44,0.515877
Base_H44_FrontLoaded_Flat,Mirror,0.681818,0.318182,1,44,44,0.660849
Base_H44_FrontLoaded_Flat,Complement,0.16129,0.83871,1,31,44,0.532141
Base_H44_FrontLoaded_Flat,Simplify,0.5625,0.4375,1,16,44,0.702671
Base_H44_FrontLoaded_Flat,Intensify,0.313726,0.686275,1,51,44,0.499869
Base_H44_FrontLoaded_Flat,Contrast,0.090909,0.909091,1,44,44,0.521849
Base_H44_FrontLoaded_Flat,Fill,0.163934,0.836066,1,61,44,0.512124
Base_H44_FrontLoaded_Increasing,Mirror,0.681818,0.318182,1,44,44,0.650432
Base_H44_FrontLoaded_Increasing,Complement,0.16129,0.83871,0.75,31,44,0.532089
Base_H44_FrontLoaded_Increasing,Simplify,0.588235,0.411765,1,17,44,0.696442
Base_H44_FrontLoaded_Increasing,Intensify,0.32,0.68,1,50,44,0.49305
Base_H44_FrontLoaded_Increasing,Contrast,0.090909,0.909091,0.75,44,44,0.526025
Base_H44_FrontLoaded_Increasing,Fill,0.163934,0.836066,0.75,61,44,0.515877
Variant_H08_AnchorLed_AccentedEnding,Mirror,0.5,0.5,1,10,8,0.588572
Variant_H08_AnchorLed_AccentedEnding,Complement,0.1,0.9,0.333333,10,8,0.598523
Variant_H08_AnchorLed_AccentedEnding,Simplify,0.75,0.25,1,4,8,0.764444
Variant_H08_AnchorLed_AccentedEnding,Intensify,0.222222,0.777778,1,18,8,0.557962
Variant_H08_AnchorLed_AccentedEnding,Contrast,0.1,0.9,0.333333,10,8,0.567412
Variant_H08_AnchorLed_AccentedEnding,Fill,0.277778,0.722222,1,18,8,0.52685
Variant_H08_AnchorLed_Flat,Mirror,0.5,0.5,1,10,8,0.611634
Variant_H08_AnchorLed_Flat,Complement,0.1,0.9,0.5,10,8,0.586019
Variant_H08_AnchorLed_Flat,Simplify,0.666667,0.333333,1,3,8,0.801979
Variant_H08_AnchorLed_Flat,Intensify,0.294118,0.705882,1,17,8,0.590335
Variant_H08_AnchorLed_Flat,Contrast,0.1,0.9,0.5,10,8,0.586019
Variant_H08_AnchorLed_Flat,Fill,0.3,0.7,1,20,8,0.575534
Variant_H08_AnchorLed_Increasing,Mirror,0.5,0.5,1,10,8,0.577619
Variant_H08_AnchorLed_Increasing,Complement,0.1,0.9,0.333333,10,8,0.599049
Variant_H08_AnchorLed_Increasing,Simplify,0.75,0.25,1,4,8,0.764169
Variant_H08_AnchorLed_Increasing,Intensify,0.294118,0.705882,1,17,8,0.571477
Variant_H08_AnchorLed_Increasing,Contrast,0.1,0.9,0.333333,10,8,0.602834
Variant_H08_AnchorLed_Increasing,Fill,0.31579,0.684211,1,19,8,0.559588
Variant_H08_BackLoaded_AccentedEnding,Mirror,0.8,0.2,1,10,8,0.644174
Variant_H08_BackLoaded_AccentedEnding,Complement,0.1,0.9,0.25,10,8,0.702783
Variant_H08_BackLoaded_AccentedEnding,Simplify,0.857143,0.142857,1,7,8,0.693846
Variant_H08_BackLoaded_AccentedEnding,Intensify,0.380952,0.619048,1,21,8,0.614521
Variant_H08_BackLoaded_AccentedEnding,Contrast,0.1,0.9,0.25,10,8,0.702347
Variant_H08_BackLoaded_AccentedEnding,Fill,0.2,0.8,0.75,25,8,0.637374
Variant_H08_BackLoaded_Flat,Mirror,0.7,0.3,1,10,8,0.655073
Variant_H08_BackLoaded_Flat,Complement,0.1,0.9,0,10,8,0.665201
Variant_H08_BackLoaded_Flat,Simplify,0.666667,0.333333,1,6,8,0.688703
Variant_H08_BackLoaded_Flat,Intensify,0.318182,0.681818,1,22,8,0.606137
Variant_H08_BackLoaded_Flat,Contrast,0.1,0.9,0,10,8,0.643819
Variant_H08_BackLoaded_Flat,Fill,0.148148,0.851852,1,27,8,0.6544
Variant_H08_BackLoaded_Increasing,Mirror,0.7,0.3,1,10,8,0.666667
Variant_H08_BackLoaded_Increasing,Complement,0.1,0.9,0,10,8,0.653607
Variant_H08_BackLoaded_Increasing,Simplify,0.666667,0.333333,1,6,8,0.688703
Variant_H08_BackLoaded_Increasing,Intensify,0.272727,0.727273,1,22,8,0.617861
Variant_H08_BackLoaded_Increasing,Contrast,0.1,0.9,0,10,8,0.66608
Variant_H08_BackLoaded_Increasing,Fill,0.148148,0.851852,1,27,8,0.643863
Variant_H08_Clustered_AccentedEnding,Mirror,0.5,0.5,1,10,8,0.622882
Variant_H08_Clustered_AccentedEnding,Complement,0.1,0.9,1,10,8,0.596593
Variant_H08_Clustered_AccentedEnding,Simplify,0.5,0.5,1,2,8,0.836725
Variant_H08_Clustered_AccentedEnding,Intensify,0.277778,0.722222,1,18,8,0.553041
Variant_H08_Clustered_AccentedEnding,Contrast,0.1,0.9,1,10,8,0.600378
Variant_H08_Clustered_AccentedEnding,Fill,0.263158,0.736842,1,19,8,0.523684
Variant_H08_Clustered_Flat,Mirror,0.5,0.5,0,10,8,0.551508
Variant_H08_Clustered_Flat,Complement,0.1,0.9,0,10,8,0.608582
Variant_H08_Clustered_Flat,Simplify,0.666667,0.333333,0,3,8,0.796439
Variant_H08_Clustered_Flat,Intensify,0.375,0.625,0,16,8,0.517032
Variant_H08_Clustered_Flat,Contrast,0.1,0.9,0,10,8,0.642835
Variant_H08_Clustered_Flat,Fill,0.333333,0.666667,0,18,8,0.508187
Variant_H08_Clustered_Increasing,Mirror,0.5,0.5,0,10,8,0.66
Variant_H08_Clustered_Increasing,Complement,0.1,0.9,0,10,8,0.636289
Variant_H08_Clustered_Increasing,Simplify,0.5,0.5,0,2,8,0.829804
Variant_H08_Clustered_Increasing,Intensify,0.294118,0.705882,0,17,8,0.549161
Variant_H08_Clustered_Increasing,Contrast,0.111111,0.888889,0,9,8,0.621026
Variant_H08_Clustered_Increasing,Fill,0.277778,0.722222,0,18,8,0.53462
Variant_H08_Even_AccentedEnding,Mirror,0.6,0.4,1,10,8,0.60971
Variant_H08_Even_AccentedEnding,Complement,0.1,0.9,0.5,10,8,0.601501
Variant_H08_Even_AccentedEnding,Simplify,0.333333,0.666667,1,6,8,0.607546
Variant_H08_Even_AccentedEnding,Intensify,0.304348,0.695652,1,23,8,0.609913
Variant_H08_Even_AccentedEnding,Contrast,0.1,0.9,0.5,10,8,0.567775
Variant_H08_Even_AccentedEnding,Fill,0.12,0.88,0.5,25,8,0.662308
Variant_H08_Even_Flat,Mirror,0.6,0.4,1,10,8,0.620451
Variant_H08_Even_Flat,Complement,0.1,0.9,1,10,8,0.619683
Variant_H08_Even_Flat,Simplify,0.4,0.6,1,5,8,0.671067
Variant_H08_Even_Flat,Intensify,0.304348,0.695652,1,23,8,0.620888
Variant_H08_Even_Flat,Contrast,0.1,0.9,1,10,8,0.597914
Variant_H08_Even_Flat,Fill,0.16,0.84,1,25,8,0.641833
Variant_H08_Even_Increasing,Mirror,0.6,0.4,1,10,8,0.600451
Variant_H08_Even_Increasing,Complement,0.1,0.9,0.5,10,8,0.625744
Variant_H08_Even_Increasing,Simplify,0.5,0.5,1,6,8,0.656031
Variant_H08_Even_Increasing,Intensify,0.304348,0.695652,1,23,8,0.612192
Variant_H08_Even_Increasing,Contrast,0.1,0.9,0.5,10,8,0.603974
Variant_H08_Even_Increasing,Fill,0.16,0.84,0.5,25,8,0.643371
Variant_H08_FrontLoaded_AccentedEnding,Mirror,0.7,0.3,1,10,8,0.631739
Variant_H08_FrontLoaded_AccentedEnding,Complement,0.1,0.9,0.25,10,8,0.651959
Variant_H08_FrontLoaded_AccentedEnding,Simplify,0.714286,0.285714,1,7,8,0.664495
Variant_H08_FrontLoaded_AccentedEnding,Intensify,0.272727,0.727273,1,22,8,0.577443
Variant_H08_FrontLoaded_AccentedEnding,Contrast,0.1,0.9,0.25,10,8,0.64119
Variant_H08_FrontLoaded_AccentedEnding,Fill,0.16,0.84,0.75,25,8,0.630477
Variant_H08_FrontLoaded_Flat,Mirror,0.7,0.3,1,10,8,0.625503
Variant_H08_FrontLoaded_Flat,Complement,0.1,0.9,0.5,10,8,0.718122
Variant_H08_FrontLoaded_Flat,Simplify,0.833333,0.166667,1,6,8,0.717714
Variant_H08_FrontLoaded_Flat,Intensify,0.380952,0.619048,1,21,8,0.602479
Variant_H08_FrontLoaded_Flat,Contrast,0.1,0.9,0.5,10,8,0.686149
Variant_H08_FrontLoaded_Flat,Fill,0.2,0.8,1,25,8,0.63624
Variant_H08_FrontLoaded_Increasing,Mirror,0.7,0.3,1,10,8,0.631739
Variant_H08_FrontLoaded_Increasing,Complement,0.1,0.9,0.25,10,8,0.651959
Variant_H08_FrontLoaded_Increasing,Simplify,0.714286,0.285714,1,7,8,0.664495
Variant_H08_FrontLoaded_Increasing,Intensify,0.272727,0.727273,1,22,8,0.577443
Variant_H08_FrontLoaded_Increasing,Contrast,0.1,0.9,0.25,10,8,0.64119
Variant_H08_FrontLoaded_Increasing,Fill,0.16,0.84,0.75,25,8,0.630477
Variant_H12_AnchorLed_AccentedEnding,Mirror,0.615385,0.384615,1,13,12,0.618782
Variant_H12_AnchorLed_AccentedEnding,Complement,0.1,0.9,0.333333,10,12,0.61426
Variant_H12_AnchorLed_AccentedEnding,Simplify,0.75,0.25,1,4,12,0.807692
Variant_H12_AnchorLed_AccentedEnding,Intensify,0.380952,0.619048,1,21,12,0.523565
Variant_H12_AnchorLed_AccentedEnding,Contrast,0.090909,0.909091,0.333333,11,12,0.628322
Variant_H12_AnchorLed_AccentedEnding,Fill,0.35,0.65,0.666667,20,12,0.504907
Variant_H12_AnchorLed_Flat,Mirror,0.615385,0.384615,1,13,12,0.63332
Variant_H12_AnchorLed_Flat,Complement,0.1,0.9,0.5,10,12,0.61123
Variant_H12_AnchorLed_Flat,Simplify,0.666667,0.333333,1,3,12,0.825578
Variant_H12_AnchorLed_Flat,Intensify,0.333333,0.666667,1,21,12,0.532674
Variant_H12_AnchorLed_Flat,Contrast,0.090909,0.909091,0.5,11,12,0.611905
Variant_H12_AnchorLed_Flat,Fill,0.35,0.65,1,20,12,0.489192
Variant_H12_AnchorLed_Increasing,Mirror,0.538462,0.461539,1,13,12,0.598164
Variant_H12_AnchorLed_Increasing,Complement,0.1,0.9,0.5,10,12,0.605747
Variant_H12_AnchorLed_Increasing,Simplify,0.666667,0.333333,1,3,12,0.829571
Variant_H12_AnchorLed_Increasing,Intensify,0.333333,0.666667,1,21,12,0.530519
Variant_H12_AnchorLed_Increasing,Contrast,0.083333,0.916667,0.5,12,12,0.611612
Variant_H12_AnchorLed_Increasing,Fill,0.333333,0.666667,1,21,12,0.502814
Variant_H12_BackLoaded_AccentedEnding,Mirror,0.538462,0.461539,1,13,12,0.571474
Variant_H12_BackLoaded_AccentedEnding,Complement,0,1,0,10,12,0.613158
Variant_H12_BackLoaded_AccentedEnding,Simplify,0.4,0.6,1,10,12,0.538866
Variant_H12_BackLoaded_AccentedEnding,Intensify,0.185185,0.814815,1,27,12,0.529694
Variant_H12_BackLoaded_AccentedEnding,Contrast,0.076923,0.923077,0.333333,13,12,0.565364
Variant_H12_BackLoaded_AccentedEnding,Fill,0.103448,0.896552,0.666667,29,12,0.576834
Variant_H12_BackLoaded_Flat,Mirror,0.230769,0.769231,1,13,12,0.492807
Variant_H12_BackLoaded_Flat,Complement,0,1,0,10,12,0.620253
Variant_H12_BackLoaded_Flat,Simplify,0.2,0.8,1,10,12,0.495923
Variant_H12_BackLoaded_Flat,Intensify,0.107143,0.892857,1,28,12,0.523951
Variant_H12_BackLoaded_Flat,Contrast,0.076923,0.923077,0.5,13,12,0.4822
Variant_H12_BackLoaded_Flat,Fill,0.064516,0.935484,1,31,12,0.554521
Variant_H12_BackLoaded_Increasing,Mirror,0.384615,0.615385,1,13,12,0.539276
Variant_H12_BackLoaded_Increasing,Complement,0,1,0,10,12,0.613158
Variant_H12_BackLoaded_Increasing,Simplify,0.2,0.8,1,10,12,0.497794
Variant_H12_BackLoaded_Increasing,Intensify,0.111111,0.888889,1,27,12,0.529694
Variant_H12_BackLoaded_Increasing,Contrast,0.076923,0.923077,0.5,13,12,0.492095
Variant_H12_BackLoaded_Increasing,Fill,0.034483,0.965517,0.5,29,12,0.576834
Variant_H12_Clustered_AccentedEnding,Mirror,0.538462,0.461539,1,13,12,0.606189
Variant_H12_Clustered_AccentedEnding,Complement,0.1,0.9,0,10,12,0.598895
Variant_H12_Clustered_AccentedEnding,Simplify,0.4,0.6,1,5,12,0.708062
Variant_H12_Clustered_AccentedEnding,Intensify,0.304348,0.695652,1,23,12,0.545851
Variant_H12_Clustered_AccentedEnding,Contrast,0.076923,0.923077,0,13,12,0.57334
Variant_H12_Clustered_AccentedEnding,Fill,0.291667,0.708333,1,24,12,0.546337
Variant_H12_Clustered_Flat,Mirror,0.692308,0.307692,1,13,12,0.690737
Variant_H12_Clustered_Flat,Complement,0.1,0.9,0.5,10,12,0.622323
Variant_H12_Clustered_Flat,Simplify,0.5,0.5,1,4,12,0.768065
Variant_H12_Clustered_Flat,Intensify,0.318182,0.681818,1,22,12,0.556334
Variant_H12_Clustered_Flat,Contrast,0.083333,0.916667,0.5,12,12,0.626765
Variant_H12_Clustered_Flat,Fill,0.291667,0.708333,1,24,12,0.568518
Variant_H12_Clustered_Increasing,Mirror,0.692308,0.307692,1,13,12,0.671663
Variant_H12_Clustered_Increasing,Complement,0.1,0.9,1,10,12,0.638305
Variant_H12_Clustered_Increasing,Simplify,0.5,0.5,1,4,12,0.769399
Variant_H12_Clustered_Increasing,Intensify,0.363636,0.636364,1,22,12,0.597571
Variant_H12_Clustered_Increasing,Contrast,0.083333,0.916667,1,12,12,0.654418
Variant_H12_Clustered_Increasing,Fill,0.28,0.72,1,25,12,0.586381
Variant_H12_Even_AccentedEnding,Mirror,0.461539,0.538462,1,13,12,0.527881
Variant_H12_Even_AccentedEnding,Complement,0,1,0,10,12,0.632206
Variant_H12_Even_AccentedEnding,Simplify,0.4,0.6,1,10,12,0.557913
Variant_H12_Even_AccentedEnding,Intensify,0.222222,0.777778,1,27,12,0.529848
Variant_H12_Even_AccentedEnding,Contrast,0.076923,0.923077,0,13,12,0.55016
Variant_H12_Even_AccentedEnding,Fill,0.103448,0.896552,0.5,29,12,0.589467
Variant_H12_Even_Flat,Mirror,0.307692,0.692308,1,13,12,0.521243
Variant_H12_Even_Flat,Complement,0,1,0,10,12,0.60921
Variant_H12_Even_Flat,Simplify,0.222222,0.777778,1,9,12,0.52859
Variant_H12_Even_Flat,Intensify,0.214286,0.785714,1,28,12,0.552857
Variant_H12_Even_Flat,Contrast,0.076923,0.923077,0,13,12,0.509819
Variant_H12_Even_Flat,Fill,0.068966,0.931035,1,29,12,0.582628
Variant_H12_Even_Increasing,Mirror,0.615385,0.384615,1,13,12,0.564724
Variant_H12_Even_Increasing,Complement,0.1,0.9,0,10,12,0.613158
Variant_H12_Even_Increasing,Simplify,0.5,0.5,1,10,12,0.555777
Variant_H12_Even_Increasing,Intensify,0.333333,0.666667,1,27,12,0.55873
Variant_H12_Even_Increasing,Contrast,0.076923,0.923077,0,13,12,0.606542
Variant_H12_Even_Increasing,Fill,0.137931,0.862069,0.666667,29,12,0.615723
Variant_H12_FrontLoaded_AccentedEnding,Mirror,0.538462,0.461539,1,13,12,0.594345
Variant_H12_FrontLoaded_AccentedEnding,Complement,0,1,0,10,12,0.606565
Variant_H12_FrontLoaded_AccentedEnding,Simplify,0.333333,0.666667,1,9,12,0.555897
Variant_H12_FrontLoaded_AccentedEnding,Intensify,0.222222,0.777778,1,27,12,0.557689
Variant_H12_FrontLoaded_AccentedEnding,Contrast,0.076923,0.923077,0.333333,13,12,0.559531
Variant_H12_FrontLoaded_AccentedEnding,Fill,0.068966,0.931035,0.666667,29,12,0.611575
Variant_H12_FrontLoaded_Flat,Mirror,0.461539,0.538462,1,13,12,0.589567
Variant_H12_FrontLoaded_Flat,Complement,0,1,0,10,12,0.601518
Variant_H12_FrontLoaded_Flat,Simplify,0.25,0.75,1,8,12,0.564608
Variant_H12_FrontLoaded_Flat,Intensify,0.214286,0.785714,1,28,12,0.569944
Variant_H12_FrontLoaded_Flat,Contrast,0.076923,0.923077,0.5,13,12,0.541099
Variant_H12_FrontLoaded_Flat,Fill,0.068966,0.931035,1,29,12,0.596367
Variant_H12_FrontLoaded_Increasing,Mirror,0.538462,0.461539,1,13,12,0.571474
Variant_H12_FrontLoaded_Increasing,Complement,0,1,0,10,12,0.613158
Variant_H12_FrontLoaded_Increasing,Simplify,0.4,0.6,1,10,12,0.538866
Variant_H12_FrontLoaded_Increasing,Intensify,0.222222,0.777778,1,27,12,0.5403
Variant_H12_FrontLoaded_Increasing,Contrast,0.076923,0.923077,0.333333,13,12,0.565364
Variant_H12_FrontLoaded_Increasing,Fill,0.103448,0.896552,0.666667,29,12,0.58744
Variant_H16_AnchorLed_AccentedEnding,Mirror,0.647059,0.352941,1,17,16,0.676524
Variant_H16_AnchorLed_AccentedEnding,Complement,0.111111,0.888889,0.25,9,16,0.693229
Variant_H16_AnchorLed_AccentedEnding,Simplify,0.8,0.2,1,5,16,0.804727
Variant_H16_AnchorLed_AccentedEnding,Intensify,0.416667,0.583333,1,24,16,0.54818
Variant_H16_AnchorLed_AccentedEnding,Contrast,0.083333,0.916667,0.25,12,16,0.684242
Variant_H16_AnchorLed_AccentedEnding,Fill,0.363636,0.636364,0.75,22,16,0.541891
Variant_H16_AnchorLed_Flat,Mirror,0.588235,0.411765,1,17,16,0.61404
Variant_H16_AnchorLed_Flat,Complement,0.090909,0.909091,0.5,11,16,0.587425
Variant_H16_AnchorLed_Flat,Simplify,0.4,0.6,1,5,16,0.729493
Variant_H16_AnchorLed_Flat,Intensify,0.4,0.6,1,25,16,0.531795
Variant_H16_AnchorLed_Flat,Contrast,0.083333,0.916667,0.5,12,16,0.601165
Variant_H16_AnchorLed_Flat,Fill,0.347826,0.652174,1,23,16,0.493274
Variant_H16_AnchorLed_Increasing,Mirror,0.588235,0.411765,1,17,16,0.588565
Variant_H16_AnchorLed_Increasing,Complement,0.090909,0.909091,0.333333,11,16,0.592721
Variant_H16_AnchorLed_Increasing,Simplify,0.5,0.5,1,6,16,0.728386
Variant_H16_AnchorLed_Increasing,Intensify,0.423077,0.576923,1,26,16,0.560725
Variant_H16_AnchorLed_Increasing,Contrast,0.076923,0.923077,0.333333,13,16,0.609762
Variant_H16_AnchorLed_Increasing,Fill,0.333333,0.666667,0.666667,24,16,0.522963
Variant_H16_BackLoaded_AccentedEnding,Mirror,0.529412,0.470588,1,17,16,0.58962
Variant_H16_BackLoaded_AccentedEnding,Complement,0,1,0,11,16,0.653199
Variant_H16_BackLoaded_AccentedEnding,Simplify,0.5,0.5,1,10,16,0.645253
Variant_H16_BackLoaded_AccentedEnding,Intensify,0.225806,0.774194,1,31,16,0.536765
Variant_H16_BackLoaded_AccentedEnding,Contrast,0.058824,0.941177,0.25,17,16,0.59674
Variant_H16_BackLoaded_AccentedEnding,Fill,0.121212,0.878788,0.75,33,16,0.586275
Variant_H16_BackLoaded_Flat,Mirror,0.411765,0.588235,1,17,16,0.561699
Variant_H16_BackLoaded_Flat,Complement,0,1,0,11,16,0.641726
Variant_H16_BackLoaded_Flat,Simplify,0.4,0.6,1,10,16,0.61271
Variant_H16_BackLoaded_Flat,Intensify,0.25,0.75,1,32,16,0.539811
Variant_H16_BackLoaded_Flat,Contrast,0.058824,0.941177,0.5,17,16,0.580808
Variant_H16_BackLoaded_Flat,Fill,0.114286,0.885714,1,35,16,0.582427
Variant_H16_BackLoaded_Increasing,Mirror,0.705882,0.294118,1,17,16,0.644041
Variant_H16_BackLoaded_Increasing,Complement,0.090909,0.909091,0.2,11,16,0.673163
Variant_H16_BackLoaded_Increasing,Simplify,0.6,0.4,1,10,16,0.664168
Variant_H16_BackLoaded_Increasing,Intensify,0.322581,0.677419,1,31,16,0.587126
Variant_H16_BackLoaded_Increasing,Contrast,0.058824,0.941177,0.2,17,16,0.663285
Variant_H16_BackLoaded_Increasing,Fill,0.151515,0.848485,0.6,33,16,0.639149
Variant_H16_Clustered_AccentedEnding,Mirror,0.588235,0.411765,1,17,16,0.661689
Variant_H16_Clustered_AccentedEnding,Complement,0.090909,0.909091,0,11,16,0.625675
Variant_H16_Clustered_AccentedEnding,Simplify,0.6,0.4,1,5,16,0.781267
Variant_H16_Clustered_AccentedEnding,Intensify,0.384615,0.615385,1,26,16,0.567498
Variant_H16_Clustered_AccentedEnding,Contrast,0.066667,0.933333,0,15,16,0.626905
Variant_H16_Clustered_AccentedEnding,Fill,0.32,0.68,1,25,16,0.532
Variant_H16_Clustered_Flat,Mirror,0.529412,0.470588,1,17,16,0.633359
Variant_H16_Clustered_Flat,Complement,0.090909,0.909091,0,11,16,0.620405
Variant_H16_Clustered_Flat,Simplify,0.6,0.4,1,5,16,0.784766
Variant_H16_Clustered_Flat,Intensify,0.346154,0.653846,1,26,16,0.532095
Variant_H16_Clustered_Flat,Contrast,0.0625,0.9375,0,16,16,0.615878
Variant_H16_Clustered_Flat,Fill,0.307692,0.692308,1,26,16,0.517806
Variant_H16_Clustered_Increasing,Mirror,0.588235,0.411765,1,17,16,0.656732
Variant_H16_Clustered_Increasing,Complement,0.090909,0.909091,0,11,16,0.613225
Variant_H16_Clustered_Increasing,Simplify,0.4,0.6,1,5,16,0.750528
Variant_H16_Clustered_Increasing,Intensify,0.346154,0.653846,1,26,16,0.565117
Variant_H16_Clustered_Increasing,Contrast,0.0625,0.9375,0,16,16,0.611554
Variant_H16_Clustered_Increasing,Fill,0.307692,0.692308,1,26,16,0.531696
Variant_H16_Even_AccentedEnding,Mirror,0.470588,0.529412,1,17,16,0.591444
Variant_H16_Even_AccentedEnding,Complement,0,1,0,11,16,0.65201
Variant_H16_Even_AccentedEnding,Simplify,0.3,0.7,1,10,16,0.607912
Variant_H16_Even_AccentedEnding,Intensify,0.193548,0.806452,1,31,16,0.562075
Variant_H16_Even_AccentedEnding,Contrast,0.058824,0.941177,0.5,17,16,0.549426
Variant_H16_Even_AccentedEnding,Fill,0.030303,0.969697,0.5,33,16,0.622432
Variant_H16_Even_Flat,Mirror,0.411765,0.588235,1,17,16,0.562055
Variant_H16_Even_Flat,Complement,0,1,0,11,16,0.589847
Variant_H16_Even_Flat,Simplify,0.2,0.8,1,10,16,0.566912
Variant_H16_Even_Flat,Intensify,0.1875,0.8125,1,32,16,0.558545
Variant_H16_Even_Flat,Contrast,0.058824,0.941177,1,17,16,0.509611
Variant_H16_Even_Flat,Fill,0.030303,0.969697,1,33,16,0.595952
Variant_H16_Even_Increasing,Mirror,0.529412,0.470588,1,17,16,0.593686
Variant_H16_Even_Increasing,Complement,0,1,0,11,16,0.661042
Variant_H16_Even_Increasing,Simplify,0.5,0.5,1,10,16,0.659305
Variant_H16_Even_Increasing,Intensify,0.258065,0.741936,1,31,16,0.552321
Variant_H16_Even_Increasing,Contrast,0.058824,0.941177,0.333333,17,16,0.587827
Variant_H16_Even_Increasing,Fill,0.060606,0.939394,0.666667,33,16,0.637062
Variant_H16_FrontLoaded_AccentedEnding,Mirror,0.588235,0.411765,1,17,16,0.606829
Variant_H16_FrontLoaded_AccentedEnding,Complement,0,1,0,11,16,0.66864
Variant_H16_FrontLoaded_AccentedEnding,Simplify,0.6,0.4,1,10,16,0.679609
Variant_H16_FrontLoaded_AccentedEnding,Intensify,0.290323,0.709677,1,31,16,0.553607
Variant_H16_FrontLoaded_AccentedEnding,Contrast,0.058824,0.941177,0.25,17,16,0.609977
Variant_H16_FrontLoaded_AccentedEnding,Fill,0.121212,0.878788,0.75,33,16,0.608179
Variant_H16_FrontLoaded_Flat,Mirror,0.647059,0.352941,1,17,16,0.619189
Variant_H16_FrontLoaded_Flat,Complement,0.090909,0.909091,0,11,16,0.655417
Variant_H16_FrontLoaded_Flat,Simplify,0.6,0.4,1,10,16,0.658957
Variant_H16_FrontLoaded_Flat,Intensify,0.34375,0.65625,1,32,16,0.612838
Variant_H16_FrontLoaded_Flat,Contrast,0.058824,0.941177,0,17,16,0.656354
Variant_H16_FrontLoaded_Flat,Fill,0.151515,0.848485,1,33,16,0.63441
Variant_H16_FrontLoaded_Increasing,Mirror,0.529412,0.470588,1,17,16,0.605913
Variant_H16_FrontLoaded_Increasing,Complement,0.090909,0.909091,0.333333,11,16,0.641726
Variant_H16_FrontLoaded_Increasing,Simplify,0.5,0.5,1,10,16,0.63271
Variant_H16_FrontLoaded_Increasing,Intensify,0.28125,0.71875,1,32,16,0.581467
Variant_H16_FrontLoaded_Increasing,Contrast,0.058824,0.941177,0.333333,17,16,0.63243
Variant_H16_FrontLoaded_Increasing,Fill,0.114286,0.885714,1,35,16,0.619206
Variant_H20_AnchorLed_AccentedEnding,Mirror,0.666667,0.333333,1,21,20,0.608189
Variant_H20_AnchorLed_AccentedEnding,Complement,0.142857,0.857143,1,14,20,0.561982
Variant_H20_AnchorLed_AccentedEnding,Simplify,0.5,0.5,1,6,20,0.719246
Variant_H20_AnchorLed_AccentedEnding,Intensify,0.518519,0.481482,1,27,20,0.519841
Variant_H20_AnchorLed_AccentedEnding,Contrast,0.133333,0.866667,1,15,20,0.617011
Variant_H20_AnchorLed_AccentedEnding,Fill,0.375,0.625,1,24,20,0.514645
Variant_H20_AnchorLed_Flat,Mirror,0.619048,0.380952,1,21,20,0.601478
Variant_H20_AnchorLed_Flat,Complement,0.142857,0.857143,1,14,20,0.545365
Variant_H20_AnchorLed_Flat,Simplify,0.5,0.5,1,6,20,0.71508
Variant_H20_AnchorLed_Flat,Intensify,0.481482,0.518519,1,27,20,0.508216
Variant_H20_AnchorLed_Flat,Contrast,0.142857,0.857143,1,14,20,0.581418
Variant_H20_AnchorLed_Flat,Fill,0.375,0.625,1,24,20,0.477609
Variant_H20_AnchorLed_Increasing,Mirror,0.619048,0.380952,1,21,20,0.583695
Variant_H20_AnchorLed_Increasing,Complement,0.153846,0.846154,0.666667,13,20,0.558403
Variant_H20_AnchorLed_Increasing,Simplify,0.571429,0.428571,1,7,20,0.698148
Variant_H20_AnchorLed_Increasing,Intensify,0.481482,0.518519,1,27,20,0.523386
Variant_H20_AnchorLed_Increasing,Contrast,0.153846,0.846154,0.666667,13,20,0.585836
Variant_H20_AnchorLed_Increasing,Fill,0.391304,0.608696,0.666667,23,20,0.500175
Variant_H20_BackLoaded_AccentedEnding,Mirror,0.571429,0.428571,1,21,20,0.640063
Variant_H20_BackLoaded_AccentedEnding,Complement,0.066667,0.933333,0.333333,15,20,0.573309
Variant_H20_BackLoaded_AccentedEnding,Simplify,0.4,0.6,1,10,20,0.663452
Variant_H20_BackLoaded_AccentedEnding,Intensify,0.151515,0.848485,0.666667,33,20,0.517414
Variant_H20_BackLoaded_AccentedEnding,Contrast,0.095238,0.904762,0.666667,21,20,0.518681
Variant_H20_BackLoaded_AccentedEnding,Fill,0.054054,0.945946,0.666667,37,20,0.576108
Variant_H20_BackLoaded_Flat,Mirror,0.52381,0.476191,1,21,20,0.629757
Variant_H20_BackLoaded_Flat,Complement,0.066667,0.933333,0.5,15,20,0.617556
Variant_H20_BackLoaded_Flat,Simplify,0.4,0.6,1,10,20,0.653595
Variant_H20_BackLoaded_Flat,Intensify,0.176471,0.823529,1,34,20,0.523778
Variant_H20_BackLoaded_Flat,Contrast,0.095238,0.904762,1,21,20,0.540245
Variant_H20_BackLoaded_Flat,Fill,0.076923,0.923077,1,39,20,0.59017
Variant_H20_BackLoaded_Increasing,Mirror,0.619048,0.380952,1,21,20,0.643165
Variant_H20_BackLoaded_Increasing,Complement,0.133333,0.866667,0.25,15,20,0.595326
Variant_H20_BackLoaded_Increasing,Simplify,0.6,0.4,1,10,20,0.699637
Variant_H20_BackLoaded_Increasing,Intensify,0.181818,0.818182,0.75,33,20,0.517414
Variant_H20_BackLoaded_Increasing,Contrast,0.095238,0.904762,0.25,21,20,0.548714
Variant_H20_BackLoaded_Increasing,Fill,0.108108,0.891892,0.75,37,20,0.578139
Variant_H20_Clustered_AccentedEnding,Mirror,0.666667,0.333333,1,21,20,0.628567
Variant_H20_Clustered_AccentedEnding,Complement,0.133333,0.866667,0,15,20,0.595914
Variant_H20_Clustered_AccentedEnding,Simplify,0.4,0.6,0,5,20,0.759962
Variant_H20_Clustered_AccentedEnding,Intensify,0.5,0.5,1,28,20,0.571628
Variant_H20_Clustered_AccentedEnding,Contrast,0.111111,0.888889,0,18,20,0.621086
Variant_H20_Clustered_AccentedEnding,Fill,0.310345,0.689655,0,29,20,0.528214
Variant_H20_Clustered_Flat,Mirror,0.619048,0.380952,1,21,20,0.627344
Variant_H20_Clustered_Flat,Complement,0.133333,0.866667,1,15,20,0.573192
Variant_H20_Clustered_Flat,Simplify,0.4,0.6,1,5,20,0.75873
Variant_H20_Clustered_Flat,Intensify,0.464286,0.535714,1,28,20,0.553291
Variant_H20_Clustered_Flat,Contrast,0.111111,0.888889,1,18,20,0.593335
Variant_H20_Clustered_Flat,Fill,0.285714,0.714286,1,28,20,0.521516
Variant_H20_Clustered_Increasing,Mirror,0.666667,0.333333,1,21,20,0.635116
Variant_H20_Clustered_Increasing,Complement,0.133333,0.866667,1,15,20,0.609206
Variant_H20_Clustered_Increasing,Simplify,0.6,0.4,1,5,20,0.786508
Variant_H20_Clustered_Increasing,Intensify,0.428571,0.571429,1,28,20,0.540846
Variant_H20_Clustered_Increasing,Contrast,0.117647,0.882353,1,17,20,0.624468
Variant_H20_Clustered_Increasing,Fill,0.321429,0.678571,1,28,20,0.509942
Variant_H20_Even_AccentedEnding,Mirror,0.380952,0.619048,1,21,20,0.513853
Variant_H20_Even_AccentedEnding,Complement,0.066667,0.933333,0.333333,15,20,0.463762
Variant_H20_Even_AccentedEnding,Simplify,0.3,0.7,1,10,20,0.639448
Variant_H20_Even_AccentedEnding,Intensify,0.151515,0.848485,1,33,20,0.487879
Variant_H20_Even_AccentedEnding,Contrast,0.047619,0.952381,0.333333,21,20,0.446791
Variant_H20_Even_AccentedEnding,Fill,0.027027,0.972973,0.333333,37,20,0.56741
Variant_H20_Even_Flat,Mirror,0.476191,0.52381,1,21,20,0.556644
Variant_H20_Even_Flat,Complement,0.133333,0.866667,1,15,20,0.49625
Variant_H20_Even_Flat,Simplify,0.4,0.6,1,10,20,0.652462
Variant_H20_Even_Flat,Intensify,0.235294,0.764706,1,34,20,0.516559
Variant_H20_Even_Flat,Contrast,0.047619,0.952381,1,21,20,0.497351
Variant_H20_Even_Flat,Fill,0.054054,0.945946,1,37,20,0.591046
Variant_H20_Even_Increasing,Mirror,0.476191,0.52381,1,21,20,0.529856
Variant_H20_Even_Increasing,Complement,0.133333,0.866667,0.25,15,20,0.518472
Variant_H20_Even_Increasing,Simplify,0.5,0.5,1,10,20,0.667019
Variant_H20_Even_Increasing,Intensify,0.242424,0.757576,1,33,20,0.495615
Variant_H20_Even_Increasing,Contrast,0.095238,0.904762,0.25,21,20,0.483952
Variant_H20_Even_Increasing,Fill,0.081081,0.918919,0.5,37,20,0.575162
Variant_H20_FrontLoaded_AccentedEnding,Mirror,0.52381,0.476191,1,21,20,0.594774
Variant_H20_FrontLoaded_AccentedEnding,Complement,0.133333,0.866667,0.333333,15,20,0.562232
Variant_H20_FrontLoaded_AccentedEnding,Simplify,0.5,0.5,1,10,20,0.667019
Variant_H20_FrontLoaded_AccentedEnding,Intensify,0.212121,0.787879,1,33,20,0.503668
Variant_H20_FrontLoaded_AccentedEnding,Contrast,0.095238,0.904762,0.333333,21,20,0.52088
Variant_H20_FrontLoaded_AccentedEnding,Fill,0.081081,0.918919,0.666667,37,20,0.573269
Variant_H20_FrontLoaded_Flat,Mirror,0.52381,0.476191,1,21,20,0.609588
Variant_H20_FrontLoaded_Flat,Complement,0.133333,0.866667,1,15,20,0.51714
Variant_H20_FrontLoaded_Flat,Simplify,0.3,0.7,1,10,20,0.604252
Variant_H20_FrontLoaded_Flat,Intensify,0.235294,0.764706,1,34,20,0.531685
Variant_H20_FrontLoaded_Flat,Contrast,0.095238,0.904762,1,21,20,0.488095
Variant_H20_FrontLoaded_Flat,Fill,0.054054,0.945946,1,37,20,0.583136
Variant_H20_FrontLoaded_Increasing,Mirror,0.619048,0.380952,1,21,20,0.646749
Variant_H20_FrontLoaded_Increasing,Complement,0.133333,0.866667,0.5,15,20,0.556969
Variant_H20_FrontLoaded_Increasing,Simplify,0.4,0.6,1,10,20,0.639448
Variant_H20_FrontLoaded_Increasing,Intensify,0.242424,0.757576,1,33,20,0.526107
Variant_H20_FrontLoaded_Increasing,Contrast,0.095238,0.904762,0.5,21,20,0.527148
Variant_H20_FrontLoaded_Increasing,Fill,0.054054,0.945946,0.5,37,20,0.604531
Variant_H24_AnchorLed_AccentedEnding,Mirror,0.6,0.4,1,25,24,0.583169
Variant_H24_AnchorLed_AccentedEnding,Complement,0.117647,0.882353,1,17,24,0.592018
Variant_H24_AnchorLed_AccentedEnding,Simplify,0.5,0.5,1,6,24,0.762009
Variant_H24_AnchorLed_AccentedEnding,Intensify,0.46875,0.53125,1,32,24,0.537897
Variant_H24_AnchorLed_AccentedEnding,Contrast,0.117647,0.882353,1,17,24,0.597005
Variant_H24_AnchorLed_AccentedEnding,Fill,0.344828,0.655172,1,29,24,0.497145
Variant_H24_AnchorLed_Flat,Mirror,0.56,0.44,1,25,24,0.524277
Variant_H24_AnchorLed_Flat,Complement,0.117647,0.882353,1,17,24,0.558344
Variant_H24_AnchorLed_Flat,Simplify,0.5,0.5,1,6,24,0.752
Variant_H24_AnchorLed_Flat,Intensify,0.53125,0.46875,1,32,24,0.530524
Variant_H24_AnchorLed_Flat,Contrast,0.133333,0.866667,1,15,24,0.586389
Variant_H24_AnchorLed_Flat,Fill,0.37037,0.62963,1,27,24,0.506926
Variant_H24_AnchorLed_Increasing,Mirror,0.64,0.36,1,25,24,0.59203
Variant_H24_AnchorLed_Increasing,Complement,0.125,0.875,1,16,24,0.623694
Variant_H24_AnchorLed_Increasing,Simplify,0.666667,0.333333,1,6,24,0.782754
Variant_H24_AnchorLed_Increasing,Intensify,0.5,0.5,1,32,24,0.545301
Variant_H24_AnchorLed_Increasing,Contrast,0.125,0.875,1,16,24,0.62759
Variant_H24_AnchorLed_Increasing,Fill,0.357143,0.642857,1,28,24,0.513333
Variant_H24_BackLoaded_AccentedEnding,Mirror,0.48,0.52,1,25,24,0.596353
Variant_H24_BackLoaded_AccentedEnding,Complement,0.105263,0.894737,0.666667,19,24,0.525596
Variant_H24_BackLoaded_AccentedEnding,Simplify,0.4,0.6,1,10,24,0.699973
Variant_H24_BackLoaded_AccentedEnding,Intensify,0.189189,0.810811,0.666667,37,24,0.516375
Variant_H24_BackLoaded_AccentedEnding,Contrast,0.08,0.92,0.666667,25,24,0.480834
Variant_H24_BackLoaded_AccentedEnding,Fill,0.04878,0.95122,0.666667,41,24,0.584302
Variant_H24_BackLoaded_Flat,Mirror,0.4,0.6,1,25,24,0.568028
Variant_H24_BackLoaded_Flat,Complement,0.105263,0.894737,1,19,24,0.518385
Variant_H24_BackLoaded_Flat,Simplify,0.3,0.7,1,10,24,0.667229
Variant_H24_BackLoaded_Flat,Intensify,0.184211,0.81579,1,38,24,0.505436
Variant_H24_BackLoaded_Flat,Contrast,0.08,0.92,1,25,24,0.47137
Variant_H24_BackLoaded_Flat,Fill,0.046512,0.953488,1,43,24,0.582789
Variant_H24_BackLoaded_Increasing,Mirror,0.48,0.52,1,25,24,0.593757
Variant_H24_BackLoaded_Increasing,Complement,0.105263,0.894737,0.666667,19,24,0.503598
Variant_H24_BackLoaded_Increasing,Simplify,0.4,0.6,1,10,24,0.699973
Variant_H24_BackLoaded_Increasing,Intensify,0.162162,0.837838,0.666667,37,24,0.501422
Variant_H24_BackLoaded_Increasing,Contrast,0.08,0.92,0.666667,25,24,0.459479
Variant_H24_BackLoaded_Increasing,Fill,0.04878,0.95122,0.666667,41,24,0.571302
Variant_H24_Clustered_AccentedEnding,Mirror,0.6,0.4,1,25,24,0.623444
Variant_H24_Clustered_AccentedEnding,Complement,0.105263,0.894737,0,19,24,0.602632
Variant_H24_Clustered_AccentedEnding,Simplify,0.571429,0.428571,1,7,24,0.770479
Variant_H24_Clustered_AccentedEnding,Intensify,0.4,0.6,1,35,24,0.533371
Variant_H24_Clustered_AccentedEnding,Contrast,0.095238,0.904762,1,21,24,0.593242
Variant_H24_Clustered_AccentedEnding,Fill,0.30303,0.69697,1,33,24,0.50316
Variant_H24_Clustered_Flat,Mirror,0.72,0.28,1,25,24,0.68239
Variant_H24_Clustered_Flat,Complement,0.125,0.875,0,16,24,0.677001
Variant_H24_Clustered_Flat,Simplify,0.666667,0.333333,1,6,24,0.79196
Variant_H24_Clustered_Flat,Intensify,0.46875,0.53125,1,32,24,0.575787
Variant_H24_Clustered_Flat,Contrast,0.105263,0.894737,1,19,24,0.66929
Variant_H24_Clustered_Flat,Fill,0.333333,0.666667,1,30,24,0.531165
Variant_H24_Clustered_Increasing,Mirror,0.6,0.4,0,25,24,0.582832
Variant_H24_Clustered_Increasing,Complement,0.111111,0.888889,0,18,24,0.58312
Variant_H24_Clustered_Increasing,Simplify,0.428571,0.571429,0,7,24,0.733257
Variant_H24_Clustered_Increasing,Intensify,0.454546,0.545455,0,33,24,0.542734
Variant_H24_Clustered_Increasing,Contrast,0.105263,0.894737,0,19,24,0.581515
Variant_H24_Clustered_Increasing,Fill,0.322581,0.677419,0,31,24,0.504381
Variant_H24_Even_AccentedEnding,Mirror,0.64,0.36,1,25,24,0.65004
Variant_H24_Even_AccentedEnding,Complement,0.105263,0.894737,0.5,19,24,0.522311
Variant_H24_Even_AccentedEnding,Simplify,0.5,0.5,1,10,24,0.7151
Variant_H24_Even_AccentedEnding,Intensify,0.324324,0.675676,1,37,24,0.516973
Variant_H24_Even_AccentedEnding,Contrast,0.08,0.92,0.5,25,24,0.50169
Variant_H24_Even_AccentedEnding,Fill,0.073171,0.926829,0.5,41,24,0.59783
Variant_H24_Even_Flat,Mirror,0.48,0.52,1,25,24,0.589106
Variant_H24_Even_Flat,Complement,0.105263,0.894737,1,19,24,0.485793
Variant_H24_Even_Flat,Simplify,0.4,0.6,1,10,24,0.694709
Variant_H24_Even_Flat,Intensify,0.210526,0.789474,1,38,24,0.506766
Variant_H24_Even_Flat,Contrast,0.08,0.92,1,25,24,0.449496
Variant_H24_Even_Flat,Fill,0.04878,0.95122,1,41,24,0.573333
Variant_H24_Even_Increasing,Mirror,0.56,0.44,1,25,24,0.598853
Variant_H24_Even_Increasing,Complement,0.105263,0.894737,0.5,19,24,0.505107
Variant_H24_Even_Increasing,Simplify,0.5,0.5,1,10,24,0.720491
Variant_H24_Even_Increasing,Intensify,0.324324,0.675676,1,37,24,0.518457
Variant_H24_Even_Increasing,Contrast,0.08,0.92,0.5,25,24,0.48783
Variant_H24_Even_Increasing,Fill,0.04878,0.95122,0.5,41,24,0.615602
Variant_H24_FrontLoaded_AccentedEnding,Mirror,0.4,0.6,1,25,24,0.554675
Variant_H24_FrontLoaded_AccentedEnding,Complement,0.105263,0.894737,0.666667,19,24,0.506091
Variant_H24_FrontLoaded_AccentedEnding,Simplify,0.4,0.6,1,10,24,0.693287
Variant_H24_FrontLoaded_AccentedEnding,Intensify,0.243243,0.756757,1,37,24,0.478159
Variant_H24_FrontLoaded_AccentedEnding,Contrast,0.08,0.92,0.666667,25,24,0.451075
Variant_H24_FrontLoaded_AccentedEnding,Fill,0.04878,0.95122,0.666667,41,24,0.566769
Variant_H24_FrontLoaded_Flat,Mirror,0.36,0.64,1,25,24,0.535461
Variant_H24_FrontLoaded_Flat,Complement,0.105263,0.894737,1,19,24,0.52133
Variant_H24_FrontLoaded_Flat,Simplify,0.4,0.6,1,10,24,0.689062
Variant_H24_FrontLoaded_Flat,Intensify,0.210526,0.789474,1,38,24,0.479306
Variant_H24_FrontLoaded_Flat,Contrast,0.08,0.92,1,25,24,0.448785
Variant_H24_FrontLoaded_Flat,Fill,0.073171,0.926829,1,41,24,0.532491
Variant_H24_FrontLoaded_Increasing,Mirror,0.36,0.64,1,25,24,0.531783
Variant_H24_FrontLoaded_Increasing,Complement,0.105263,0.894737,0.666667,19,24,0.504817
Variant_H24_FrontLoaded_Increasing,Simplify,0.3,0.7,0.666667,10,24,0.67383
Variant_H24_FrontLoaded_Increasing,Intensify,0.216216,0.783784,1,37,24,0.469792
Variant_H24_FrontLoaded_Increasing,Contrast,0.04,0.96,0.333333,25,24,0.454698
Variant_H24_FrontLoaded_Increasing,Fill,0.04878,0.95122,0.666667,41,24,0.555509
Variant_H28_AnchorLed_AccentedEnding,Mirror,0.689655,0.310345,1,29,28,0.645843
Variant_H28_AnchorLed_AccentedEnding,Complement,0.166667,0.833333,1,18,28,0.649897
Variant_H28_AnchorLed_AccentedEnding,Simplify,1,0,1,6,28,0.834284
Variant_H28_AnchorLed_AccentedEnding,Intensify,0.472222,0.527778,1,36,28,0.545446
Variant_H28_AnchorLed_AccentedEnding,Contrast,0.133333,0.866667,1,15,28,0.672721
Variant_H28_AnchorLed_AccentedEnding,Fill,0.37931,0.62069,1,29,28,0.512635
Variant_H28_AnchorLed_Flat,Mirror,0.689655,0.310345,1,29,28,0.613747
Variant_H28_AnchorLed_Flat,Complement,0.176471,0.823529,1,17,28,0.658937
Variant_H28_AnchorLed_Flat,Simplify,1,0,1,6,28,0.824652
Variant_H28_AnchorLed_Flat,Intensify,0.514286,0.485714,1,35,28,0.551459
Variant_H28_AnchorLed_Flat,Contrast,0.153846,0.846154,1,13,28,0.689458
Variant_H28_AnchorLed_Flat,Fill,0.423077,0.576923,1,26,28,0.514005
Variant_H28_AnchorLed_Increasing,Mirror,0.62069,0.37931,1,29,28,0.550484
Variant_H28_AnchorLed_Increasing,Complement,0.157895,0.842105,0.666667,19,28,0.602087
Variant_H28_AnchorLed_Increasing,Simplify,0.714286,0.285714,1,7,28,0.774189
Variant_H28_AnchorLed_Increasing,Intensify,0.542857,0.457143,1,35,28,0.538663
Variant_H28_AnchorLed_Increasing,Contrast,0.142857,0.857143,0.666667,14,28,0.644475
Variant_H28_AnchorLed_Increasing,Fill,0.407407,0.592593,0.666667,27,28,0.510349
Variant_H28_BackLoaded_AccentedEnding,Mirror,0.655172,0.344828,1,29,28,0.635888
Variant_H28_BackLoaded_AccentedEnding,Complement,0.130435,0.869565,0.2,23,28,0.562595
Variant_H28_BackLoaded_AccentedEnding,Simplify,0.642857,0.357143,1,14,28,0.706666
Variant_H28_BackLoaded_AccentedEnding,Intensify,0.317073,0.682927,0.8,41,28,0.559087
Variant_H28_BackLoaded_AccentedEnding,Contrast,0.068966,0.931035,0.2,29,28,0.64531
Variant_H28_BackLoaded_AccentedEnding,Fill,0.111111,0.888889,0.6,45,28,0.626296
Variant_H28_BackLoaded_Flat,Mirror,0.62069,0.37931,1,29,28,0.626972
Variant_H28_BackLoaded_Flat,Complement,0.130435,0.869565,0.5,23,28,0.545945
Variant_H28_BackLoaded_Flat,Simplify,0.642857,0.357143,1,14,28,0.708105
Variant_H28_BackLoaded_Flat,Intensify,0.285714,0.714286,1,42,28,0.555048
Variant_H28_BackLoaded_Flat,Contrast,0.068966,0.931035,0.5,29,28,0.601863
Variant_H28_BackLoaded_Flat,Fill,0.085106,0.914894,1,47,28,0.618598
Variant_H28_BackLoaded_Increasing,Mirror,0.62069,0.37931,1,29,28,0.63706
Variant_H28_BackLoaded_Increasing,Complement,0.130435,0.869565,0.666667,23,28,0.531159
Variant_H28_BackLoaded_Increasing,Simplify,0.583333,0.416667,0.666667,12,28,0.720769
Variant_H28_BackLoaded_Increasing,Intensify,0.292683,0.707317,0.666667,41,28,0.55136
Variant_H28_BackLoaded_Increasing,Contrast,0.068966,0.931035,0.333333,29,28,0.577807
Variant_H28_BackLoaded_Increasing,Fill,0.088889,0.911111,0.666667,45,28,0.612205
Variant_H28_Clustered_AccentedEnding,Mirror,0.655172,0.344828,1,29,28,0.638958
Variant_H28_Clustered_AccentedEnding,Complement,0.130435,0.869565,0,23,28,0.616064
Variant_H28_Clustered_AccentedEnding,Simplify,0.625,0.375,1,8,28,0.77666
Variant_H28_Clustered_AccentedEnding,Intensify,0.358974,0.641026,1,39,28,0.516235
Variant_H28_Clustered_AccentedEnding,Contrast,0.083333,0.916667,1,24,28,0.60164
Variant_H28_Clustered_AccentedEnding,Fill,0.289474,0.710526,1,38,28,0.484574
Variant_H28_Clustered_Flat,Mirror,0.689655,0.310345,0,29,28,0.651688
Variant_H28_Clustered_Flat,Complement,0.130435,0.869565,0,23,28,0.632269
Variant_H28_Clustered_Flat,Simplify,0.75,0.25,0,8,28,0.794664
Variant_H28_Clustered_Flat,Intensify,0.410256,0.589744,0,39,28,0.531721
Variant_H28_Clustered_Flat,Contrast,0.083333,0.916667,0,24,28,0.629898
Variant_H28_Clustered_Flat,Fill,0.289474,0.710526,0,38,28,0.498912
Variant_H28_Clustered_Increasing,Mirror,0.551724,0.448276,0,29,28,0.584799
Variant_H28_Clustered_Increasing,Complement,0.086957,0.913044,0,23,28,0.555604
Variant_H28_Clustered_Increasing,Simplify,0.25,0.75,0,8,28,0.725465
Variant_H28_Clustered_Increasing,Intensify,0.384615,0.615385,0,39,28,0.51129
Variant_H28_Clustered_Increasing,Contrast,0.083333,0.916667,0,24,28,0.541297
Variant_H28_Clustered_Increasing,Fill,0.289474,0.710526,0,38,28,0.48624
Variant_H28_Even_AccentedEnding,Mirror,0.62069,0.37931,1,29,28,0.629472
Variant_H28_Even_AccentedEnding,Complement,0.130435,0.869565,0.5,23,28,0.491158
Variant_H28_Even_AccentedEnding,Simplify,0.5,0.5,1,14,28,0.662307
Variant_H28_Even_AccentedEnding,Intensify,0.268293,0.731707,1,41,28,0.521743
Variant_H28_Even_AccentedEnding,Contrast,0.068966,0.931035,0.5,29,28,0.523373
Variant_H28_Even_AccentedEnding,Fill,0.088889,0.911111,0.75,45,28,0.584449
Variant_H28_Even_Flat,Mirror,0.517241,0.482759,1,29,28,0.563792
Variant_H28_Even_Flat,Complement,0.130435,0.869565,1,23,28,0.464179
Variant_H28_Even_Flat,Simplify,0.428571,0.571429,1,14,28,0.64756
Variant_H28_Even_Flat,Intensify,0.285714,0.714286,1,42,28,0.527477
Variant_H28_Even_Flat,Contrast,0.068966,0.931035,0.5,29,28,0.497299
Variant_H28_Even_Flat,Fill,0.06383,0.93617,1,47,28,0.585293
Variant_H28_Even_Increasing,Mirror,0.517241,0.482759,1,29,28,0.567476
Variant_H28_Even_Increasing,Complement,0.130435,0.869565,0.75,23,28,0.45772
Variant_H28_Even_Increasing,Simplify,0.4,0.6,1,15,28,0.614407
Variant_H28_Even_Increasing,Intensify,0.243902,0.756098,1,41,28,0.497421
Variant_H28_Even_Increasing,Contrast,0.068966,0.931035,0.5,29,28,0.470476
Variant_H28_Even_Increasing,Fill,0.066667,0.933333,0.75,45,28,0.557485
Variant_H28_FrontLoaded_AccentedEnding,Mirror,0.551724,0.448276,1,29,28,0.574032
Variant_H28_FrontLoaded_AccentedEnding,Complement,0.130435,0.869565,0.666667,23,28,0.507408
Variant_H28_FrontLoaded_AccentedEnding,Simplify,0.571429,0.428571,0.666667,14,28,0.684339
Variant_H28_FrontLoaded_AccentedEnding,Intensify,0.292683,0.707317,1,41,28,0.50996
Variant_H28_FrontLoaded_AccentedEnding,Contrast,0.068966,0.931035,0.333333,29,28,0.571763
Variant_H28_FrontLoaded_AccentedEnding,Fill,0.088889,0.911111,0.666667,45,28,0.582544
Variant_H28_FrontLoaded_Flat,Mirror,0.551724,0.448276,1,29,28,0.578379
Variant_H28_FrontLoaded_Flat,Complement,0.130435,0.869565,0.5,23,28,0.506166
Variant_H28_FrontLoaded_Flat,Simplify,0.571429,0.428571,1,14,28,0.680948
Variant_H28_FrontLoaded_Flat,Intensify,0.285714,0.714286,1,42,28,0.515134
Variant_H28_FrontLoaded_Flat,Contrast,0.068966,0.931035,0,29,28,0.538308
Variant_H28_FrontLoaded_Flat,Fill,0.111111,0.888889,1,45,28,0.568621
Variant_H28_FrontLoaded_Increasing,Mirror,0.689655,0.310345,1,29,28,0.645625
Variant_H28_FrontLoaded_Increasing,Complement,0.130435,0.869565,0.5,23,28,0.579049
Variant_H28_FrontLoaded_Increasing,Simplify,0.642857,0.357143,1,14,28,0.700278
Variant_H28_FrontLoaded_Increasing,Intensify,0.365854,0.634146,1,41,28,0.536828
Variant_H28_FrontLoaded_Increasing,Contrast,0.068966,0.931035,0.333333,29,28,0.626706
Variant_H28_FrontLoaded_Increasing,Fill,0.111111,0.888889,0.666667,45,28,0.607152
Variant_H32_AnchorLed_AccentedEnding,Mirror,0.606061,0.393939,1,33,32,0.544681
Variant_H32_AnchorLed_AccentedEnding,Complement,0.190476,0.809524,1,21,32,0.608748
Variant_H32_AnchorLed_AccentedEnding,Simplify,0.833333,0.166667,1,6,32,0.801589
Variant_H32_AnchorLed_AccentedEnding,Intensify,0.538462,0.461539,1,39,32,0.517297
Variant_H32_AnchorLed_AccentedEnding,Contrast,0.1875,0.8125,1,16,32,0.638242
Variant_H32_AnchorLed_AccentedEnding,Fill,0.413793,0.586207,1,29,32,0.496209
Variant_H32_AnchorLed_Flat,Mirror,0.666667,0.333333,1,33,32,0.587702
Variant_H32_AnchorLed_Flat,Complement,0.190476,0.809524,1,21,32,0.63154
Variant_H32_AnchorLed_Flat,Simplify,1,0,1,6,32,0.823372
Variant_H32_AnchorLed_Flat,Intensify,0.538462,0.461539,1,39,32,0.523736
Variant_H32_AnchorLed_Flat,Contrast,0.2,0.8,1,15,32,0.663219
Variant_H32_AnchorLed_Flat,Fill,0.413793,0.586207,1,29,32,0.511055
Variant_H32_AnchorLed_Increasing,Mirror,0.666667,0.333333,1,33,32,0.588429
Variant_H32_AnchorLed_Increasing,Complement,0.190476,0.809524,1,21,32,0.62352
Variant_H32_AnchorLed_Increasing,Simplify,1,0,1,6,32,0.819123
Variant_H32_AnchorLed_Increasing,Intensify,0.552632,0.447368,1,38,32,0.538837
Variant_H32_AnchorLed_Increasing,Contrast,0.214286,0.785714,1,14,32,0.663653
Variant_H32_AnchorLed_Increasing,Fill,0.428571,0.571429,1,28,32,0.517353
Variant_H32_BackLoaded_AccentedEnding,Mirror,0.545455,0.454546,1,33,32,0.588209
Variant_H32_BackLoaded_AccentedEnding,Complement,0.148148,0.851852,1,27,32,0.447186
Variant_H32_BackLoaded_AccentedEnding,Simplify,0.375,0.625,1,16,32,0.616543
Variant_H32_BackLoaded_AccentedEnding,Intensify,0.23913,0.76087,1,46,32,0.530629
Variant_H32_BackLoaded_AccentedEnding,Contrast,0.090909,0.909091,1,33,32,0.478646
Variant_H32_BackLoaded_AccentedEnding,Fill,0.058824,0.941177,1,51,32,0.575768
Variant_H32_BackLoaded_Flat,Mirror,0.515152,0.484849,1,33,32,0.578841
Variant_H32_BackLoaded_Flat,Complement,0.148148,0.851852,1,27,32,0.42226
Variant_H32_BackLoaded_Flat,Simplify,0.25,0.75,1,16,32,0.578563
Variant_H32_BackLoaded_Flat,Intensify,0.217391,0.782609,1,46,32,0.523876
Variant_H32_BackLoaded_Flat,Contrast,0.090909,0.909091,1,33,32,0.462878
Variant_H32_BackLoaded_Flat,Fill,0.019608,0.980392,1,51,32,0.596774
Variant_H32_BackLoaded_Increasing,Mirror,0.575758,0.424242,1,33,32,0.60611
Variant_H32_BackLoaded_Increasing,Complement,0.148148,0.851852,1,27,32,0.468241
Variant_H32_BackLoaded_Increasing,Simplify,0.4375,0.5625,1,16,32,0.633786
Variant_H32_BackLoaded_Increasing,Intensify,0.23913,0.76087,1,46,32,0.54147
Variant_H32_BackLoaded_Increasing,Contrast,0.090909,0.909091,1,33,32,0.500886
Variant_H32_BackLoaded_Increasing,Fill,0.078431,0.921569,1,51,32,0.563551
Variant_H32_Clustered_AccentedEnding,Mirror,0.636364,0.363636,1,33,32,0.581183
Variant_H32_Clustered_AccentedEnding,Complement,0.16,0.84,0,25,32,0.615785
Variant_H32_Clustered_AccentedEnding,Simplify,0.75,0.25,0,8,32,0.791307
Variant_H32_Clustered_AccentedEnding,Intensify,0.439024,0.560976,0,41,32,0.523471
Variant_H32_Clustered_AccentedEnding,Contrast,0.12,0.88,0,25,32,0.611738
Variant_H32_Clustered_AccentedEnding,Fill,0.307692,0.692308,0,39,32,0.506527
Variant_H32_Clustered_Flat,Mirror,0.69697,0.30303,0,33,32,0.617629
Variant_H32_Clustered_Flat,Complement,0.148148,0.851852,0,27,32,0.634941
Variant_H32_Clustered_Flat,Simplify,0.75,0.25,0,8,32,0.797558
Variant_H32_Clustered_Flat,Intensify,0.5,0.5,0,42,32,0.563023
Variant_H32_Clustered_Flat,Contrast,0.115385,0.884615,0,26,32,0.623239
Variant_H32_Clustered_Flat,Fill,0.3,0.7,0,40,32,0.530563
Variant_H32_Clustered_Increasing,Mirror,0.666667,0.333333,0,33,32,0.616765
Variant_H32_Clustered_Increasing,Complement,0.153846,0.846154,0,26,32,0.611974
Variant_H32_Clustered_Increasing,Simplify,0.777778,0.222222,0,9,32,0.779367
Variant_H32_Clustered_Increasing,Intensify,0.452381,0.547619,0,42,32,0.529749
Variant_H32_Clustered_Increasing,Contrast,0.12,0.88,0,25,32,0.605229
Variant_H32_Clustered_Increasing,Fill,0.31579,0.684211,0,38,32,0.487119
Variant_H32_Even_AccentedEnding,Mirror,0.333333,0.666667,1,33,32,0.440559
Variant_H32_Even_AccentedEnding,Complement,0.148148,0.851852,0.5,27,32,0.394089
Variant_H32_Even_AccentedEnding,Simplify,0.294118,0.705882,1,17,32,0.573558
Variant_H32_Even_AccentedEnding,Intensify,0.155556,0.844445,0.5,45,32,0.462886
Variant_H32_Even_AccentedEnding,Contrast,0.090909,0.909091,0.5,33,32,0.417959
Variant_H32_Even_AccentedEnding,Fill,0.040816,0.959184,0.5,49,32,0.537516
Variant_H32_Even_Flat,Mirror,0.393939,0.606061,1,33,32,0.480319
Variant_H32_Even_Flat,Complement,0.148148,0.851852,1,27,32,0.422536
Variant_H32_Even_Flat,Simplify,0.3125,0.6875,1,16,32,0.593492
Variant_H32_Even_Flat,Intensify,0.195652,0.804348,1,46,32,0.471651
Variant_H32_Even_Flat,Contrast,0.090909,0.909091,1,33,32,0.439167
Variant_H32_Even_Flat,Fill,0.058824,0.941177,1,51,32,0.542946
Variant_H32_Even_Increasing,Mirror,0.363636,0.636364,1,33,32,0.479206
Variant_H32_Even_Increasing,Complement,0.148148,0.851852,1,27,32,0.404689
Variant_H32_Even_Increasing,Simplify,0.25,0.75,1,16,32,0.573881
Variant_H32_Even_Increasing,Intensify,0.173913,0.826087,1,46,32,0.470659
Variant_H32_Even_Increasing,Contrast,0.090909,0.909091,1,33,32,0.417427
Variant_H32_Even_Increasing,Fill,0.039216,0.960784,1,51,32,0.548427
Variant_H32_FrontLoaded_AccentedEnding,Mirror,0.515152,0.484849,1,33,32,0.55598
Variant_H32_FrontLoaded_AccentedEnding,Complement,0.148148,0.851852,0.666667,27,32,0.415916
Variant_H32_FrontLoaded_AccentedEnding,Simplify,0.3125,0.6875,1,16,32,0.589874
Variant_H32_FrontLoaded_AccentedEnding,Intensify,0.244444,0.755556,1,45,32,0.460501
Variant_H32_FrontLoaded_AccentedEnding,Contrast,0.090909,0.909091,0.666667,33,32,0.446272
Variant_H32_FrontLoaded_AccentedEnding,Fill,0.061224,0.938776,0.666667,49,32,0.535074
Variant_H32_FrontLoaded_Flat,Mirror,0.515152,0.484849,1,33,32,0.585974
Variant_H32_FrontLoaded_Flat,Complement,0.111111,0.888889,1,27,32,0.415146
Variant_H32_FrontLoaded_Flat,Simplify,0.25,0.75,1,16,32,0.583185
Variant_H32_FrontLoaded_Flat,Intensify,0.195652,0.804348,1,46,32,0.475735
Variant_H32_FrontLoaded_Flat,Contrast,0.090909,0.909091,1,33,32,0.42326
Variant_H32_FrontLoaded_Flat,Fill,0.040816,0.959184,1,49,32,0.535693
Variant_H32_FrontLoaded_Increasing,Mirror,0.575758,0.424242,1,33,32,0.597339
Variant_H32_FrontLoaded_Increasing,Complement,0.148148,0.851852,0.5,27,32,0.434589
Variant_H32_FrontLoaded_Increasing,Simplify,0.375,0.625,0.75,16,32,0.608243
Variant_H32_FrontLoaded_Increasing,Intensify,0.244444,0.755556,1,45,32,0.487985
Variant_H32_FrontLoaded_Increasing,Contrast,0.090909,0.909091,0.5,33,32,0.459081
Variant_H32_FrontLoaded_Increasing,Fill,0.081633,0.918367,0.5,49,32,0.542447
Variant_H36_AnchorLed_AccentedEnding,Mirror,0.638889,0.361111,1,36,36,0.55168
Variant_H36_AnchorLed_AccentedEnding,Complement,0.181818,0.818182,0.666667,22,36,0.626938
Variant_H36_AnchorLed_AccentedEnding,Simplify,0.777778,0.222222,1,9,36,0.755387
Variant_H36_AnchorLed_AccentedEnding,Intensify,0.6,0.4,1,40,36,0.533647
Variant_H36_AnchorLed_AccentedEnding,Contrast,0.1875,0.8125,0.666667,16,36,0.663821
Variant_H36_AnchorLed_AccentedEnding,Fill,0.433333,0.566667,0.666667,30,36,0.512964
Variant_H36_AnchorLed_Flat,Mirror,0.638889,0.361111,1,36,36,0.551606
Variant_H36_AnchorLed_Flat,Complement,0.173913,0.826087,1,23,36,0.615796
Variant_H36_AnchorLed_Flat,Simplify,0.666667,0.333333,1,9,36,0.736705
Variant_H36_AnchorLed_Flat,Intensify,0.560976,0.439024,1,41,36,0.521653
Variant_H36_AnchorLed_Flat,Contrast,0.166667,0.833333,1,18,36,0.637679
Variant_H36_AnchorLed_Flat,Fill,0.40625,0.59375,1,32,36,0.493679
Variant_H36_AnchorLed_Increasing,Mirror,0.666667,0.333333,1,36,36,0.59627
Variant_H36_AnchorLed_Increasing,Complement,0.16,0.84,1,25,36,0.594454
Variant_H36_AnchorLed_Increasing,Simplify,0.6,0.4,1,10,36,0.716787
Variant_H36_AnchorLed_Increasing,Intensify,0.52381,0.476191,1,42,36,0.537777
Variant_H36_AnchorLed_Increasing,Contrast,0.157895,0.842105,1,19,36,0.616648
Variant_H36_AnchorLed_Increasing,Fill,0.371429,0.628572,1,35,36,0.497931
Variant_H36_BackLoaded_AccentedEnding,Mirror,0.638889,0.361111,1,36,36,0.635596
Variant_H36_BackLoaded_AccentedEnding,Complement,0.137931,0.862069,1,29,36,0.509922
Variant_H36_BackLoaded_AccentedEnding,Simplify,0.4375,0.5625,1,16,36,0.658191
Variant_H36_BackLoaded_AccentedEnding,Intensify,0.326087,0.673913,1,46,36,0.567693
Variant_H36_BackLoaded_AccentedEnding,Contrast,0.083333,0.916667,1,36,36,0.52015
Variant_H36_BackLoaded_AccentedEnding,Fill,0.056604,0.943396,1,53,36,0.609384
Variant_H36_BackLoaded_Flat,Mirror,0.583333,0.416667,1,36,36,0.621717
Variant_H36_BackLoaded_Flat,Complement,0.129032,0.870968,1,31,36,0.464242
Variant_H36_BackLoaded_Flat,Simplify,0.375,0.625,1,16,36,0.643602
Variant_H36_BackLoaded_Flat,Intensify,0.23913,0.76087,1,46,36,0.525874
Variant_H36_BackLoaded_Flat,Contrast,0.083333,0.916667,1,36,36,0.474482
Variant_H36_BackLoaded_Flat,Fill,0.056604,0.943396,1,53,36,0.555907
Variant_H36_BackLoaded_Increasing,Mirror,0.583333,0.416667,1,36,36,0.621717
Variant_H36_BackLoaded_Increasing,Complement,0.129032,0.870968,1,31,36,0.464242
Variant_H36_BackLoaded_Increasing,Simplify,0.375,0.625,1,16,36,0.643602
Variant_H36_BackLoaded_Increasing,Intensify,0.23913,0.76087,1,46,36,0.521258
Variant_H36_BackLoaded_Increasing,Contrast,0.083333,0.916667,1,36,36,0.474482
Variant_H36_BackLoaded_Increasing,Fill,0.056604,0.943396,1,53,36,0.551292
Variant_H36_Clustered_AccentedEnding,Mirror,0.638889,0.361111,0,36,36,0.600622
Variant_H36_Clustered_AccentedEnding,Complement,0.142857,0.857143,0,28,36,0.593103
Variant_H36_Clustered_AccentedEnding,Simplify,0.6,0.4,0,10,36,0.751371
Variant_H36_Clustered_AccentedEnding,Intensify,0.5,0.5,0,44,36,0.549072
Variant_H36_Clustered_AccentedEnding,Contrast,0.111111,0.888889,0,27,36,0.605069
Variant_H36_Clustered_AccentedEnding,Fill,0.309524,0.690476,0,42,36,0.513079
Variant_H36_Clustered_Flat,Mirror,0.666667,0.333333,0,36,36,0.608594
Variant_H36_Clustered_Flat,Complement,0.148148,0.851852,0,27,36,0.61811
Variant_H36_Clustered_Flat,Simplify,0.777778,0.222222,0,9,36,0.790904
Variant_H36_Clustered_Flat,Intensify,0.488372,0.511628,0,43,36,0.531895
Variant_H36_Clustered_Flat,Contrast,0.115385,0.884615,0,26,36,0.629351
Variant_H36_Clustered_Flat,Fill,0.317073,0.682927,0,41,36,0.508051
Variant_H36_Clustered_Increasing,Mirror,0.611111,0.388889,0,36,36,0.604097
Variant_H36_Clustered_Increasing,Complement,0.142857,0.857143,0,28,36,0.576514
Variant_H36_Clustered_Increasing,Simplify,0.6,0.4,0,10,36,0.7486
Variant_H36_Clustered_Increasing,Intensify,0.5,0.5,0,44,36,0.562985
Variant_H36_Clustered_Increasing,Contrast,0.115385,0.884615,0,26,36,0.594664
Variant_H36_Clustered_Increasing,Fill,0.317073,0.682927,0,41,36,0.501675
Variant_H36_Even_AccentedEnding,Mirror,0.638889,0.361111,1,36,36,0.617844
Variant_H36_Even_AccentedEnding,Complement,0.148148,0.851852,0.5,27,36,0.550652
Variant_H36_Even_AccentedEnding,Simplify,0.529412,0.470588,1,17,36,0.66871
Variant_H36_Even_AccentedEnding,Intensify,0.347826,0.652174,0.75,46,36,0.564251
Variant_H36_Even_AccentedEnding,Contrast,0.083333,0.916667,0.5,36,36,0.561004
Variant_H36_Even_AccentedEnding,Fill,0.075472,0.924528,0.5,53,36,0.585875
Variant_H36_Even_Flat,Mirror,0.611111,0.388889,1,36,36,0.614873
Variant_H36_Even_Flat,Complement,0.142857,0.857143,1,28,36,0.526081
Variant_H36_Even_Flat,Simplify,0.5,0.5,1,16,36,0.673681
Variant_H36_Even_Flat,Intensify,0.3125,0.6875,1,48,36,0.53558
Variant_H36_Even_Flat,Contrast,0.083333,0.916667,1,36,36,0.537945
Variant_H36_Even_Flat,Fill,0.075472,0.924528,1,53,36,0.567125
Variant_H36_Even_Increasing,Mirror,0.611111,0.388889,1,36,36,0.612734
Variant_H36_Even_Increasing,Complement,0.137931,0.862069,0.5,29,36,0.521587
Variant_H36_Even_Increasing,Simplify,0.529412,0.470588,1,17,36,0.673122
Variant_H36_Even_Increasing,Intensify,0.304348,0.695652,0.75,46,36,0.537517
Variant_H36_Even_Increasing,Contrast,0.083333,0.916667,0.5,36,36,0.535974
Variant_H36_Even_Increasing,Fill,0.075472,0.924528,0.5,53,36,0.565471
Variant_H36_FrontLoaded_AccentedEnding,Mirror,0.666667,0.333333,1,36,36,0.652231
Variant_H36_FrontLoaded_AccentedEnding,Complement,0.133333,0.866667,0.666667,30,36,0.531982
Variant_H36_FrontLoaded_AccentedEnding,Simplify,0.529412,0.470588,1,17,36,0.669311
Variant_H36_FrontLoaded_AccentedEnding,Intensify,0.304348,0.695652,1,46,36,0.532393
Variant_H36_FrontLoaded_AccentedEnding,Contrast,0.083333,0.916667,0.666667,36,36,0.537176
Variant_H36_FrontLoaded_AccentedEnding,Fill,0.075472,0.924528,0.666667,53,36,0.573133
Variant_H36_FrontLoaded_Flat,Mirror,0.638889,0.361111,1,36,36,0.647703
Variant_H36_FrontLoaded_Flat,Complement,0.133333,0.866667,1,30,36,0.528055
Variant_H36_FrontLoaded_Flat,Simplify,0.4375,0.5625,1,16,36,0.659228
Variant_H36_FrontLoaded_Flat,Intensify,0.291667,0.708333,1,48,36,0.542186
Variant_H36_FrontLoaded_Flat,Contrast,0.083333,0.916667,1,36,36,0.525057
Variant_H36_FrontLoaded_Flat,Fill,0.075472,0.924528,1,53,36,0.567189
Variant_H36_FrontLoaded_Increasing,Mirror,0.611111,0.388889,1,36,36,0.63361
Variant_H36_FrontLoaded_Increasing,Complement,0.133333,0.866667,1,30,36,0.500598
Variant_H36_FrontLoaded_Increasing,Simplify,0.4375,0.5625,1,16,36,0.664979
Variant_H36_FrontLoaded_Increasing,Intensify,0.291667,0.708333,1,48,36,0.535655
Variant_H36_FrontLoaded_Increasing,Contrast,0.083333,0.916667,1,36,36,0.499904
Variant_H36_FrontLoaded_Increasing,Fill,0.054545,0.945455,1,55,36,0.58128
Variant_H40_AnchorLed_AccentedEnding,Mirror,0.675,0.325,1,40,40,0.602883
Variant_H40_AnchorLed_AccentedEnding,Complement,0.208333,0.791667,1,24,40,0.624591
Variant_H40_AnchorLed_AccentedEnding,Simplify,0.777778,0.222222,1,9,40,0.737328
Variant_H40_AnchorLed_AccentedEnding,Intensify,0.613636,0.386364,1,44,40,0.560542
Variant_H40_AnchorLed_AccentedEnding,Contrast,0.266667,0.733333,1,15,40,0.648386
Variant_H40_AnchorLed_AccentedEnding,Fill,0.4375,0.5625,1,32,40,0.539416
Variant_H40_AnchorLed_Flat,Mirror,0.65,0.35,1,40,40,0.584395
Variant_H40_AnchorLed_Flat,Complement,0.185185,0.814815,1,27,40,0.583487
Variant_H40_AnchorLed_Flat,Simplify,0.6,0.4,1,10,40,0.706256
Variant_H40_AnchorLed_Flat,Intensify,0.577778,0.422222,1,45,40,0.545882
Variant_H40_AnchorLed_Flat,Contrast,0.210526,0.789474,1,19,40,0.601141
Variant_H40_AnchorLed_Flat,Fill,0.411765,0.588235,1,34,40,0.51381
Variant_H40_AnchorLed_Increasing,Mirror,0.675,0.325,1,40,40,0.606031
Variant_H40_AnchorLed_Increasing,Complement,0.2,0.8,1,25,40,0.581174
Variant_H40_AnchorLed_Increasing,Simplify,0.545455,0.454546,1,11,40,0.66787
Variant_H40_AnchorLed_Increasing,Intensify,0.543478,0.456522,1,46,40,0.549256
Variant_H40_AnchorLed_Increasing,Contrast,0.210526,0.789474,1,19,40,0.581591
Variant_H40_AnchorLed_Increasing,Fill,0.424242,0.575758,1,33,40,0.487413
Variant_H40_BackLoaded_AccentedEnding,Mirror,0.7,0.3,1,40,40,0.670442
Variant_H40_BackLoaded_AccentedEnding,Complement,0.166667,0.833333,0.666667,30,40,0.527743
Variant_H40_BackLoaded_AccentedEnding,Simplify,0.4375,0.5625,1,16,40,0.661834
Variant_H40_BackLoaded_AccentedEnding,Intensify,0.346939,0.653061,1,49,40,0.536611
Variant_H40_BackLoaded_AccentedEnding,Contrast,0.1,0.9,0.666667,40,40,0.514822
Variant_H40_BackLoaded_AccentedEnding,Fill,0.105263,0.894737,1,57,40,0.560977
Variant_H40_BackLoaded_Flat,Mirror,0.625,0.375,1,40,40,0.633619
Variant_H40_BackLoaded_Flat,Complement,0.151515,0.848485,1,33,40,0.491022
Variant_H40_BackLoaded_Flat,Simplify,0.4375,0.5625,1,16,40,0.666771
Variant_H40_BackLoaded_Flat,Intensify,0.326531,0.673469,1,49,40,0.525702
Variant_H40_BackLoaded_Flat,Contrast,0.1,0.9,1,40,40,0.490458
Variant_H40_BackLoaded_Flat,Fill,0.087719,0.912281,1,57,40,0.537208
Variant_H40_BackLoaded_Increasing,Mirror,0.625,0.375,1,40,40,0.631764
Variant_H40_BackLoaded_Increasing,Complement,0.151515,0.848485,1,33,40,0.465735
Variant_H40_BackLoaded_Increasing,Simplify,0.4375,0.5625,1,16,40,0.658088
Variant_H40_BackLoaded_Increasing,Intensify,0.306123,0.693878,1,49,40,0.483495
Variant_H40_BackLoaded_Increasing,Contrast,0.1,0.9,1,40,40,0.471413
Variant_H40_BackLoaded_Increasing,Fill,0.122807,0.877193,1,57,40,0.502899
Variant_H40_Clustered_AccentedEnding,Mirror,0.625,0.375,1,40,40,0.577775
Variant_H40_Clustered_AccentedEnding,Complement,0.178571,0.821429,0.5,28,40,0.555231
Variant_H40_Clustered_AccentedEnding,Simplify,0.636364,0.363636,0.5,11,40,0.740682
Variant_H40_Clustered_AccentedEnding,Intensify,0.4375,0.5625,0.5,48,40,0.506996
Variant_H40_Clustered_AccentedEnding,Contrast,0.133333,0.866667,0.5,30,40,0.559225
Variant_H40_Clustered_AccentedEnding,Fill,0.318182,0.681818,0.5,44,40,0.473636
Variant_H40_Clustered_Flat,Mirror,0.675,0.325,0,40,40,0.633326
Variant_H40_Clustered_Flat,Complement,0.172414,0.827586,0,29,40,0.566799
Variant_H40_Clustered_Flat,Simplify,0.727273,0.272727,0,11,40,0.758926
Variant_H40_Clustered_Flat,Intensify,0.428571,0.571429,0,49,40,0.50836
Variant_H40_Clustered_Flat,Contrast,0.133333,0.866667,0,30,40,0.567237
Variant_H40_Clustered_Flat,Fill,0.318182,0.681818,0,44,40,0.46379
Variant_H40_Clustered_Increasing,Mirror,0.65,0.35,0,40,40,0.594547
Variant_H40_Clustered_Increasing,Complement,0.178571,0.821429,0,28,40,0.595626
Variant_H40_Clustered_Increasing,Simplify,0.8,0.2,0,10,40,0.772286
Variant_H40_Clustered_Increasing,Intensify,0.531915,0.468085,0,47,40,0.549272
Variant_H40_Clustered_Increasing,Contrast,0.153846,0.846154,0,26,40,0.60879
Variant_H40_Clustered_Increasing,Fill,0.35,0.65,0,40,40,0.494433
Variant_H40_Even_AccentedEnding,Mirror,0.65,0.35,1,40,40,0.647899
Variant_H40_Even_AccentedEnding,Complement,0.166667,0.833333,0.5,30,40,0.518719
Variant_H40_Even_AccentedEnding,Simplify,0.4375,0.5625,1,16,40,0.666099
Variant_H40_Even_AccentedEnding,Intensify,0.32,0.68,1,50,40,0.5162
Variant_H40_Even_AccentedEnding,Contrast,0.1,0.9,1,40,40,0.510099
Variant_H40_Even_AccentedEnding,Fill,0.067797,0.932203,0.5,59,40,0.584775
Variant_H40_Even_Flat,Mirror,0.675,0.325,1,40,40,0.652568
Variant_H40_Even_Flat,Complement,0.178571,0.821429,1,28,40,0.554214
Variant_H40_Even_Flat,Simplify,0.5,0.5,1,16,40,0.679488
Variant_H40_Even_Flat,Intensify,0.36,0.64,1,50,40,0.567446
Variant_H40_Even_Flat,Contrast,0.1,0.9,1,40,40,0.549292
Variant_H40_Even_Flat,Fill,0.067797,0.932203,1,59,40,0.600254
Variant_H40_Even_Increasing,Mirror,0.55,0.45,1,40,40,0.594995
Variant_H40_Even_Increasing,Complement,0.151515,0.848485,0.5,33,40,0.487135
Variant_H40_Even_Increasing,Simplify,0.4375,0.5625,1,16,40,0.673599
Variant_H40_Even_Increasing,Intensify,0.26,0.74,1,50,40,0.50292
Variant_H40_Even_Increasing,Contrast,0.1,0.9,1,40,40,0.49677
Variant_H40_Even_Increasing,Fill,0.067797,0.932203,0.5,59,40,0.548694
Variant_H40_FrontLoaded_AccentedEnding,Mirror,0.65,0.35,1,40,40,0.638474
Variant_H40_FrontLoaded_AccentedEnding,Complement,0.16129,0.83871,0.75,31,40,0.503197
Variant_H40_FrontLoaded_AccentedEnding,Simplify,0.470588,0.529412,1,17,40,0.657502
Variant_H40_FrontLoaded_AccentedEnding,Intensify,0.306123,0.693878,1,49,40,0.51211
Variant_H40_FrontLoaded_AccentedEnding,Contrast,0.1,0.9,0.75,40,40,0.511232
Variant_H40_FrontLoaded_AccentedEnding,Fill,0.087719,0.912281,0.75,57,40,0.559438
Variant_H40_FrontLoaded_Flat,Mirror,0.6,0.4,1,40,40,0.626978
Variant_H40_FrontLoaded_Flat,Complement,0.151515,0.848485,1,33,40,0.47386
Variant_H40_FrontLoaded_Flat,Simplify,0.4375,0.5625,1,16,40,0.668077
Variant_H40_FrontLoaded_Flat,Intensify,0.24,0.76,1,50,40,0.498238
Variant_H40_FrontLoaded_Flat,Contrast,0.1,0.9,1,40,40,0.469109
Variant_H40_FrontLoaded_Flat,Fill,0.087719,0.912281,1,57,40,0.522341
Variant_H40_FrontLoaded_Increasing,Mirror,0.675,0.325,1,40,40,0.66176
Variant_H40_FrontLoaded_Increasing,Complement,0.16129,0.83871,1,31,40,0.525742
Variant_H40_FrontLoaded_Increasing,Simplify,0.5,0.5,1,16,40,0.674984
Variant_H40_FrontLoaded_Increasing,Intensify,0.3,0.7,1,50,40,0.54007
Variant_H40_FrontLoaded_Increasing,Contrast,0.1,0.9,0.75,40,40,0.536172
Variant_H40_FrontLoaded_Increasing,Fill,0.118644,0.881356,1,59,40,0.543694
Variant_H44_AnchorLed_AccentedEnding,Mirror,0.681818,0.318182,1,44,44,0.576783
Variant_H44_AnchorLed_AccentedEnding,Complement,0.217391,0.782609,0.666667,23,44,0.607433
Variant_H44_AnchorLed_AccentedEnding,Simplify,0.666667,0.333333,1,12,44,0.685002
Variant_H44_AnchorLed_AccentedEnding,Intensify,0.630435,0.369565,1,46,44,0.561335
Variant_H44_AnchorLed_AccentedEnding,Contrast,0.235294,0.764706,0.666667,17,44,0.646805
Variant_H44_AnchorLed_AccentedEnding,Fill,0.441177,0.558824,0.666667,34,44,0.525227
Variant_H44_AnchorLed_Flat,Mirror,0.681818,0.318182,1,44,44,0.554567
Variant_H44_AnchorLed_Flat,Complement,0.208333,0.791667,1,24,44,0.600096
Variant_H44_AnchorLed_Flat,Simplify,0.636364,0.363636,1,11,44,0.69023
Variant_H44_AnchorLed_Flat,Intensify,0.625,0.375,1,48,44,0.538429
Variant_H44_AnchorLed_Flat,Contrast,0.235294,0.764706,1,17,44,0.661238
Variant_H44_AnchorLed_Flat,Fill,0.441177,0.558824,1,34,44,0.525163
Variant_H44_AnchorLed_Increasing,Mirror,0.681818,0.318182,1,44,44,0.590695
Variant_H44_AnchorLed_Increasing,Complement,0.227273,0.772727,1,22,44,0.614888
Variant_H44_AnchorLed_Increasing,Simplify,0.727273,0.272727,1,11,44,0.708794
Variant_H44_AnchorLed_Increasing,Intensify,0.604167,0.395833,1,48,44,0.574615
Variant_H44_AnchorLed_Increasing,Contrast,0.235294,0.764706,1,17,44,0.664431
Variant_H44_AnchorLed_Increasing,Fill,0.441177,0.558824,1,34,44,0.529235
Variant_H44_BackLoaded_AccentedEnding,Mirror,0.75,0.25,1,44,44,0.684126
Variant_H44_BackLoaded_AccentedEnding,Complement,0.178571,0.821429,0.75,28,44,0.579709
Variant_H44_BackLoaded_AccentedEnding,Simplify,0.6875,0.3125,1,16,44,0.719328
Variant_H44_BackLoaded_AccentedEnding,Intensify,0.42,0.58,1,50,44,0.537938
Variant_H44_BackLoaded_AccentedEnding,Contrast,0.095238,0.904762,0.75,42,44,0.568933
Variant_H44_BackLoaded_AccentedEnding,Fill,0.163934,0.836066,1,61,44,0.569218
Variant_H44_BackLoaded_Flat,Mirror,0.75,0.25,1,44,44,0.684126
Variant_H44_BackLoaded_Flat,Complement,0.178571,0.821429,1,28,44,0.57517
Variant_H44_BackLoaded_Flat,Simplify,0.625,0.375,1,16,44,0.710495
Variant_H44_BackLoaded_Flat,Intensify,0.42,0.58,1,50,44,0.548641
Variant_H44_BackLoaded_Flat,Contrast,0.095238,0.904762,1,42,44,0.551154
Variant_H44_BackLoaded_Flat,Fill,0.163934,0.836066,1,61,44,0.567714
Variant_H44_BackLoaded_Increasing,Mirror,0.704545,0.295455,1,44,44,0.647644
Variant_H44_BackLoaded_Increasing,Complement,0.166667,0.833333,1,30,44,0.554699
Variant_H44_BackLoaded_Increasing,Simplify,0.625,0.375,1,16,44,0.712029
Variant_H44_BackLoaded_Increasing,Intensify,0.42,0.58,1,50,44,0.520992
Variant_H44_BackLoaded_Increasing,Contrast,0.090909,0.909091,1,44,44,0.535736
Variant_H44_BackLoaded_Increasing,Fill,0.180328,0.819672,1,61,44,0.537055
Variant_H44_Clustered_AccentedEnding,Mirror,0.727273,0.272727,0,44,44,0.639206
Variant_H44_Clustered_AccentedEnding,Complement,0.185185,0.814815,0,27,44,0.577425
Variant_H44_Clustered_AccentedEnding,Simplify,0.727273,0.272727,0,11,44,0.760891
Variant_H44_Clustered_AccentedEnding,Intensify,0.470588,0.529412,0,51,44,0.515727
Variant_H44_Clustered_AccentedEnding,Contrast,0.142857,0.857143,0,28,44,0.594909
Variant_H44_Clustered_AccentedEnding,Fill,0.333333,0.666667,0,45,44,0.49033
Variant_H44_Clustered_Flat,Mirror,0.659091,0.340909,0,44,44,0.608795
Variant_H44_Clustered_Flat,Complement,0.178571,0.821429,0,28,44,0.540484
Variant_H44_Clustered_Flat,Simplify,0.636364,0.363636,0,11,44,0.747974
Variant_H44_Clustered_Flat,Intensify,0.509804,0.490196,0,51,44,0.534645
Variant_H44_Clustered_Flat,Contrast,0.137931,0.862069,0,29,44,0.581001
Variant_H44_Clustered_Flat,Fill,0.333333,0.666667,0,45,44,0.483883
Variant_H44_Clustered_Increasing,Mirror,0.681818,0.318182,0,44,44,0.607887
Variant_H44_Clustered_Increasing,Complement,0.192308,0.807692,0,26,44,0.564009
Variant_H44_Clustered_Increasing,Simplify,0.727273,0.272727,0,11,44,0.75794
Variant_H44_Clustered_Increasing,Intensify,0.509804,0.490196,0,51,44,0.527709
Variant_H44_Clustered_Increasing,Contrast,0.142857,0.857143,0,28,44,0.599153
Variant_H44_Clustered_Increasing,Fill,0.340909,0.659091,0,44,44,0.486741
Variant_H44_Even_AccentedEnding,Mirror,0.568182,0.431818,1,44,44,0.586428
Variant_H44_Even_AccentedEnding,Complement,0.151515,0.848485,1,33,44,0.459365
Variant_H44_Even_AccentedEnding,Simplify,0.375,0.625,1,16,44,0.664629
Variant_H44_Even_AccentedEnding,Intensify,0.254902,0.745098,1,51,44,0.4279
Variant_H44_Even_AccentedEnding,Contrast,0.090909,0.909091,1,44,44,0.473433
Variant_H44_Even_AccentedEnding,Fill,0.174603,0.825397,1,63,44,0.476071
Variant_H44_Even_Flat,Mirror,0.613636,0.386364,1,44,44,0.614157
Variant_H44_Even_Flat,Complement,0.16129,0.83871,1,31,44,0.500703
Variant_H44_Even_Flat,Simplify,0.4375,0.5625,1,16,44,0.671901
Variant_H44_Even_Flat,Intensify,0.313726,0.686275,1,51,44,0.4961
Variant_H44_Even_Flat,Contrast,0.090909,0.909091,1,44,44,0.505193
Variant_H44_Even_Flat,Fill,0.147541,0.852459,1,61,44,0.506405
Variant_H44_Even_Increasing,Mirror,0.613636,0.386364,1,44,44,0.615344
Variant_H44_Even_Increasing,Complement,0.15625,0.84375,1,32,44,0.494982
Variant_H44_Even_Increasing,Simplify,0.4375,0.5625,1,16,44,0.679981
Variant_H44_Even_Increasing,Intensify,0.333333,0.666667,1,51,44,0.50654
Variant_H44_Even_Increasing,Contrast,0.090909,0.909091,1,44,44,0.502946
Variant_H44_Even_Increasing,Fill,0.174603,0.825397,1,63,44,0.510534
Variant_H44_FrontLoaded_AccentedEnding,Mirror,0.727273,0.272727,1,44,44,0.667095
Variant_H44_FrontLoaded_AccentedEnding,Complement,0.172414,0.827586,0.6,29,44,0.566801
Variant_H44_FrontLoaded_AccentedEnding,Simplify,0.647059,0.352941,1,17,44,0.70812
Variant_H44_FrontLoaded_AccentedEnding,Intensify,0.36,0.64,1,50,44,0.519238
Variant_H44_FrontLoaded_AccentedEnding,Contrast,0.093023,0.906977,0.6,43,44,0.547498
Variant_H44_FrontLoaded_AccentedEnding,Fill,0.180328,0.819672,0.6,61,44,0.553172
Variant_H44_FrontLoaded_Flat,Mirror,0.681818,0.318182,1,44,44,0.655911
Variant_H44_FrontLoaded_Flat,Complement,0.16129,0.83871,1,31,44,0.520451
Variant_H44_FrontLoaded_Flat,Simplify,0.5,0.5,1,16,44,0.691182
Variant_H44_FrontLoaded_Flat,Intensify,0.313726,0.686275,1,51,44,0.482218
Variant_H44_FrontLoaded_Flat,Contrast,0.090909,0.909091,1,44,44,0.521326
Variant_H44_FrontLoaded_Flat,Fill,0.190476,0.809524,1,63,44,0.515196
Variant_H44_FrontLoaded_Increasing,Mirror,0.659091,0.340909,1,44,44,0.639976
Variant_H44_FrontLoaded_Increasing,Complement,0.15625,0.84375,0.75,32,44,0.511577
Variant_H44_FrontLoaded_Increasing,Simplify,0.588235,0.411765,1,17,44,0.698243
Variant_H44_FrontLoaded_Increasing,Intensify,0.32,0.68,1,50,44,0.489276
Variant_H44_FrontLoaded_Increasing,Contrast,0.090909,0.909091,0.75,44,44,0.510691
Variant_H44_FrontLoaded_Increasing,Fill,0.163934,0.836066,0.75,61,44,0.509358
